project_id,phase_id,equipment_id,type,planned_hours,actual_hours,downtime_hours
1000,1,LO-543,Loader,84,161,3
1000,2,GE-309,Generator,159,80,15
1000,3,LO-478,Loader,115,86,12
1000,4,CR-977,Crane,143,72,17
1000,5,FO-266,Forklift,122,131,5
1001,1,FO-667,Forklift,148,124,0
1001,2,GE-451,Generator,97,175,12
1001,3,BU-358,Bulldozer,81,106,19
1001,4,GE-812,Generator,103,112,6
1001,5,FO-736,Forklift,138,111,6
1002,1,EX-837,Excavator,98,164,19
1002,2,GE-830,Generator,96,161,8
1002,3,EX-302,Excavator,118,105,1
1002,4,LO-168,Loader,136,117,17
1002,5,GE-565,Generator,105,131,16
1003,1,BU-179,Bulldozer,95,95,7
1003,2,CR-148,Crane,118,123,2
1003,3,EX-942,Excavator,118,101,17
1003,4,LO-759,Loader,122,96,16
1003,5,GE-554,Generator,144,107,0
1004,1,GE-103,Generator,88,131,14
1004,2,CR-264,Crane,137,80,17
1004,3,FO-976,Forklift,97,176,10
1004,4,FO-328,Forklift,88,165,0
1004,5,EX-147,Excavator,146,177,2
1005,1,EX-805,Excavator,141,144,14
1005,2,FO-698,Forklift,158,166,14
1005,3,BU-962,Bulldozer,88,105,17
1005,4,LO-334,Loader,126,150,17
1005,5,EX-228,Excavator,147,86,3
1006,1,GE-972,Generator,112,108,9
1006,2,FO-824,Forklift,118,166,7
1006,3,GE-407,Generator,142,128,10
1006,4,CR-433,Crane,82,109,13
1006,5,EX-422,Excavator,144,83,6
1007,1,EX-309,Excavator,127,163,8
1007,2,EX-185,Excavator,82,154,13
1007,3,BU-284,Bulldozer,103,73,12
1007,4,BU-366,Bulldozer,115,115,2
1007,5,GE-525,Generator,116,113,6
1008,1,BU-479,Bulldozer,150,103,15
1008,2,BU-710,Bulldozer,142,101,15
1008,3,FO-838,Forklift,111,171,14
1008,4,CR-448,Crane,113,109,4
1008,5,BU-862,Bulldozer,90,142,1
1009,1,EX-119,Excavator,156,176,16
1009,2,GE-146,Generator,97,80,5
1009,3,GE-174,Generator,158,102,4
1009,4,BU-544,Bulldozer,159,89,0
1009,5,GE-533,Generator,90,149,8
1010,1,BU-728,Bulldozer,141,91,10
1010,2,FO-140,Forklift,123,162,11
1010,3,LO-101,Loader,129,153,3
1010,4,BU-600,Bulldozer,108,158,3
1010,5,EX-125,Excavator,158,85,1
1011,1,LO-403,Loader,111,152,4
1011,2,FO-684,Forklift,94,161,5
1011,3,BU-326,Bulldozer,120,110,14
1011,4,GE-266,Generator,122,142,13
1011,5,BU-385,Bulldozer,153,80,3
1012,1,EX-751,Excavator,92,150,19
1012,2,CR-819,Crane,114,133,15
1012,3,BU-225,Bulldozer,108,145,5
1012,4,GE-194,Generator,124,73,11
1012,5,GE-306,Generator,94,171,10
1013,1,GE-428,Generator,99,160,0
1013,2,FO-749,Forklift,154,74,9
1013,3,BU-579,Bulldozer,154,144,10
1013,4,GE-348,Generator,137,77,7
1013,5,FO-750,Forklift,92,84,7
1014,1,BU-593,Bulldozer,106,133,18
1014,2,CR-436,Crane,94,118,1
1014,3,CR-825,Crane,101,108,6
1014,4,GE-754,Generator,138,148,8
1014,5,GE-552,Generator,124,139,5
1015,1,GE-251,Generator,115,83,9
1015,2,FO-135,Forklift,147,80,18
1015,3,EX-726,Excavator,125,73,6
1015,4,BU-162,Bulldozer,150,178,10
1015,5,EX-992,Excavator,106,101,3
1016,1,EX-666,Excavator,97,102,2
1016,2,CR-173,Crane,152,170,9
1016,3,LO-885,Loader,113,94,11
1016,4,GE-448,Generator,126,86,2
1016,5,EX-105,Excavator,95,167,4
1017,1,EX-789,Excavator,154,104,14
1017,2,FO-603,Forklift,129,82,7
1017,3,BU-741,Bulldozer,98,129,7
1017,4,BU-597,Bulldozer,142,152,0
1017,5,BU-294,Bulldozer,154,168,10
1018,1,FO-508,Forklift,90,155,19
1018,2,CR-593,Crane,88,75,17
1018,3,FO-165,Forklift,155,151,4
1018,4,CR-102,Crane,110,79,5
1018,5,CR-803,Crane,136,144,0
1019,1,EX-284,Excavator,100,111,2
1019,2,LO-235,Loader,131,106,7
1019,3,EX-110,Excavator,129,171,18
1019,4,EX-342,Excavator,155,121,4
1019,5,FO-667,Forklift,98,179,13
1020,1,FO-197,Forklift,108,161,7
1020,2,BU-923,Bulldozer,144,110,15
1020,3,LO-531,Loader,96,155,9
1020,4,BU-166,Bulldozer,142,159,19
1020,5,EX-653,Excavator,83,155,5
1021,1,EX-555,Excavator,100,133,18
1021,2,FO-410,Forklift,140,145,16
1021,3,CR-668,Crane,94,161,6
1021,4,FO-639,Forklift,140,75,7
1021,5,LO-191,Loader,103,96,14
1022,1,EX-273,Excavator,105,81,7
1022,2,LO-297,Loader,80,114,16
1022,3,GE-567,Generator,128,161,11
1022,4,CR-178,Crane,80,99,12
1022,5,BU-269,Bulldozer,83,107,13
1023,1,CR-709,Crane,119,95,16
1023,2,CR-663,Crane,122,128,15
1023,3,FO-432,Forklift,150,137,9
1023,4,FO-332,Forklift,81,152,0
1023,5,CR-151,Crane,101,75,9
1024,1,BU-924,Bulldozer,95,148,8
1024,2,FO-376,Forklift,91,101,7
1024,3,CR-218,Crane,118,154,7
1024,4,LO-967,Loader,108,172,15
1024,5,LO-826,Loader,143,111,1
1025,1,GE-959,Generator,112,133,7
1025,2,FO-218,Forklift,147,131,0
1025,3,FO-132,Forklift,131,73,19
1025,4,GE-545,Generator,111,146,0
1025,5,LO-692,Loader,114,97,16
1026,1,GE-652,Generator,95,179,8
1026,2,EX-150,Excavator,101,179,12
1026,3,FO-798,Forklift,100,130,7
1026,4,GE-538,Generator,97,85,16
1026,5,LO-390,Loader,132,115,0
1027,1,CR-536,Crane,112,82,17
1027,2,EX-327,Excavator,86,87,7
1027,3,FO-223,Forklift,93,141,8
1027,4,EX-339,Excavator,104,85,6
1027,5,LO-789,Loader,105,149,11
1028,1,BU-559,Bulldozer,116,83,19
1028,2,GE-798,Generator,137,110,4
1028,3,GE-911,Generator,104,149,2
1028,4,FO-216,Forklift,106,82,3
1028,5,FO-550,Forklift,97,150,5
1029,1,EX-444,Excavator,96,112,8
1029,2,CR-372,Crane,141,166,13
1029,3,LO-982,Loader,97,79,7
1029,4,CR-397,Crane,153,161,15
1029,5,CR-852,Crane,107,165,13
1030,1,CR-958,Crane,94,70,1
1030,2,GE-113,Generator,108,72,19
1030,3,FO-356,Forklift,89,127,16
1030,4,CR-666,Crane,154,123,15
1030,5,GE-419,Generator,133,82,17
1031,1,EX-282,Excavator,138,149,6
1031,2,CR-441,Crane,151,137,14
1031,3,FO-958,Forklift,110,124,13
1031,4,GE-164,Generator,145,158,2
1031,5,GE-915,Generator,91,129,8
1032,1,GE-642,Generator,144,124,0
1032,2,BU-529,Bulldozer,101,135,0
1032,3,GE-293,Generator,121,154,14
1032,4,BU-902,Bulldozer,88,164,16
1032,5,LO-109,Loader,112,152,5
1033,1,GE-791,Generator,97,169,18
1033,2,CR-867,Crane,159,92,11
1033,3,EX-403,Excavator,154,100,2
1033,4,CR-208,Crane,87,163,16
1033,5,GE-266,Generator,118,117,1
1034,1,GE-507,Generator,115,178,9
1034,2,GE-434,Generator,150,102,1
1034,3,LO-106,Loader,135,162,14
1034,4,CR-763,Crane,136,170,17
1034,5,GE-543,Generator,113,138,13
1035,1,CR-798,Crane,86,149,9
1035,2,FO-602,Forklift,155,94,13
1035,3,BU-987,Bulldozer,116,165,19
1035,4,GE-788,Generator,94,132,11
1035,5,EX-297,Excavator,83,144,19
1036,1,CR-381,Crane,108,136,16
1036,2,LO-332,Loader,133,172,11
1036,3,CR-865,Crane,91,163,16
1036,4,LO-514,Loader,115,102,8
1036,5,LO-731,Loader,81,124,1
1037,1,LO-115,Loader,107,77,19
1037,2,EX-408,Excavator,95,141,18
1037,3,CR-914,Crane,115,118,16
1037,4,CR-230,Crane,133,94,2
1037,5,LO-141,Loader,131,82,4
1038,1,GE-588,Generator,97,133,1
1038,2,BU-222,Bulldozer,99,161,12
1038,3,LO-571,Loader,104,143,12
1038,4,FO-859,Forklift,124,167,2
1038,5,CR-419,Crane,110,147,6
1039,1,GE-849,Generator,121,146,6
1039,2,EX-238,Excavator,125,95,10
1039,3,EX-736,Excavator,141,111,0
1039,4,BU-732,Bulldozer,140,161,8
1039,5,CR-711,Crane,83,86,11
1040,1,GE-558,Generator,127,175,6
1040,2,GE-868,Generator,129,112,9
1040,3,EX-476,Excavator,87,103,9
1040,4,BU-157,Bulldozer,95,177,11
1040,5,BU-568,Bulldozer,121,160,7
1041,1,EX-814,Excavator,137,95,9
1041,2,FO-715,Forklift,156,165,4
1041,3,FO-580,Forklift,135,123,0
1041,4,GE-251,Generator,106,176,9
1041,5,FO-749,Forklift,113,88,10
1042,1,CR-251,Crane,157,173,9
1042,2,CR-353,Crane,149,110,11
1042,3,CR-732,Crane,122,176,16
1042,4,GE-593,Generator,125,172,8
1042,5,CR-250,Crane,158,126,5
1043,1,CR-760,Crane,87,101,16
1043,2,FO-454,Forklift,115,173,10
1043,3,CR-791,Crane,128,164,5
1043,4,FO-916,Forklift,146,119,11
1043,5,FO-636,Forklift,93,165,10
1044,1,LO-954,Loader,150,101,14
1044,2,LO-432,Loader,90,120,13
1044,3,FO-861,Forklift,103,136,9
1044,4,GE-325,Generator,136,109,11
1044,5,CR-307,Crane,106,109,16
1045,1,EX-586,Excavator,92,108,15
1045,2,GE-968,Generator,144,119,14
1045,3,BU-349,Bulldozer,157,135,6
1045,4,GE-554,Generator,153,129,5
1045,5,LO-107,Loader,88,93,15
1046,1,EX-150,Excavator,105,175,5
1046,2,EX-362,Excavator,158,75,2
1046,3,LO-627,Loader,119,141,5
1046,4,GE-329,Generator,92,109,9
1046,5,FO-151,Forklift,93,154,19
1047,1,LO-369,Loader,112,150,18
1047,2,CR-113,Crane,139,89,11
1047,3,GE-440,Generator,90,129,10
1047,4,FO-639,Forklift,119,163,13
1047,5,CR-360,Crane,121,71,6
1048,1,EX-434,Excavator,89,151,7
1048,2,EX-592,Excavator,88,167,12
1048,3,CR-639,Crane,113,126,18
1048,4,CR-650,Crane,137,153,15
1048,5,BU-561,Bulldozer,126,105,18
1049,1,GE-950,Generator,130,119,17
1049,2,CR-952,Crane,89,101,14
1049,3,EX-505,Excavator,136,90,18
1049,4,BU-349,Bulldozer,84,146,1
1049,5,GE-846,Generator,130,90,12
1050,1,FO-610,Forklift,110,77,7
1050,2,GE-679,Generator,108,163,4
1050,3,GE-999,Generator,98,126,19
1050,4,GE-303,Generator,106,121,15
1050,5,FO-790,Forklift,117,146,10
1051,1,GE-216,Generator,89,124,14
1051,2,CR-999,Crane,109,115,13
1051,3,EX-258,Excavator,131,147,15
1051,4,CR-470,Crane,158,104,14
1051,5,EX-490,Excavator,106,136,11
1052,1,FO-508,Forklift,140,116,18
1052,2,GE-743,Generator,135,135,7
1052,3,EX-435,Excavator,134,77,7
1052,4,CR-722,Crane,80,135,2
1052,5,CR-132,Crane,114,118,14
1053,1,GE-505,Generator,123,167,12
1053,2,CR-888,Crane,144,86,4
1053,3,BU-123,Bulldozer,97,146,12
1053,4,EX-794,Excavator,104,105,11
1053,5,FO-491,Forklift,143,114,7
1054,1,LO-895,Loader,117,97,7
1054,2,CR-132,Crane,84,104,15
1054,3,BU-584,Bulldozer,141,85,9
1054,4,CR-494,Crane,112,155,10
1054,5,CR-155,Crane,137,154,19
1055,1,FO-746,Forklift,139,105,17
1055,2,GE-179,Generator,133,70,19
1055,3,LO-359,Loader,132,90,0
1055,4,GE-929,Generator,129,171,4
1055,5,LO-847,Loader,109,112,8
1056,1,LO-947,Loader,155,115,11
1056,2,FO-769,Forklift,154,132,8
1056,3,LO-239,Loader,100,148,4
1056,4,GE-912,Generator,127,152,2
1056,5,CR-534,Crane,158,132,2
1057,1,BU-390,Bulldozer,107,171,13
1057,2,GE-695,Generator,111,120,4
1057,3,FO-251,Forklift,89,119,19
1057,4,GE-208,Generator,91,169,1
1057,5,CR-539,Crane,99,166,5
1058,1,EX-821,Excavator,124,130,11
1058,2,LO-911,Loader,86,93,14
1058,3,GE-906,Generator,127,70,8
1058,4,EX-122,Excavator,86,146,0
1058,5,EX-817,Excavator,101,132,1
1059,1,EX-578,Excavator,112,166,3
1059,2,BU-304,Bulldozer,131,102,17
1059,3,EX-657,Excavator,140,101,2
1059,4,GE-840,Generator,110,121,13
1059,5,CR-262,Crane,94,125,16
1060,1,BU-376,Bulldozer,115,172,16
1060,2,GE-139,Generator,140,130,15
1060,3,CR-907,Crane,118,102,12
1060,4,FO-613,Forklift,107,93,6
1060,5,BU-402,Bulldozer,148,90,12
1061,1,EX-999,Excavator,80,168,18
1061,2,GE-880,Generator,106,132,8
1061,3,LO-660,Loader,109,102,9
1061,4,LO-895,Loader,128,109,0
1061,5,GE-349,Generator,134,150,3
1062,1,GE-491,Generator,84,91,5
1062,2,CR-677,Crane,158,140,16
1062,3,GE-930,Generator,94,125,4
1062,4,CR-394,Crane,108,137,4
1062,5,BU-293,Bulldozer,113,167,6
1063,1,LO-421,Loader,93,120,19
1063,2,GE-143,Generator,153,156,3
1063,3,CR-444,Crane,121,111,18
1063,4,FO-621,Forklift,144,73,7
1063,5,LO-451,Loader,82,156,7
1064,1,GE-391,Generator,137,163,2
1064,2,CR-843,Crane,112,73,15
1064,3,EX-784,Excavator,92,101,15
1064,4,GE-788,Generator,135,173,8
1064,5,CR-433,Crane,85,151,5
1065,1,LO-384,Loader,123,101,14
1065,2,LO-394,Loader,129,125,5
1065,3,GE-747,Generator,117,104,17
1065,4,BU-484,Bulldozer,88,139,6
1065,5,BU-377,Bulldozer,143,131,11
1066,1,LO-365,Loader,144,128,16
1066,2,CR-558,Crane,148,141,17
1066,3,CR-302,Crane,130,100,0
1066,4,EX-887,Excavator,84,136,5
1066,5,BU-909,Bulldozer,124,164,0
1067,1,FO-175,Forklift,129,85,15
1067,2,CR-803,Crane,109,78,14
1067,3,CR-468,Crane,81,70,0
1067,4,LO-555,Loader,110,75,16
1067,5,GE-496,Generator,81,175,15
1068,1,FO-154,Forklift,135,165,12
1068,2,GE-594,Generator,100,159,9
1068,3,CR-530,Crane,127,123,17
1068,4,LO-383,Loader,107,176,19
1068,5,EX-643,Excavator,125,110,0
1069,1,BU-585,Bulldozer,124,115,17
1069,2,LO-859,Loader,155,72,10
1069,3,GE-922,Generator,118,73,9
1069,4,BU-150,Bulldozer,154,92,19
1069,5,GE-761,Generator,129,107,10
1070,1,GE-744,Generator,104,158,5
1070,2,EX-741,Excavator,120,90,12
1070,3,LO-509,Loader,139,150,14
1070,4,LO-900,Loader,85,168,7
1070,5,BU-260,Bulldozer,159,112,11
1071,1,LO-433,Loader,145,147,0
1071,2,LO-591,Loader,88,82,6
1071,3,CR-882,Crane,134,117,2
1071,4,LO-665,Loader,109,117,12
1071,5,GE-275,Generator,146,107,18
1072,1,CR-850,Crane,142,141,12
1072,2,CR-414,Crane,144,169,2
1072,3,LO-864,Loader,126,75,16
1072,4,EX-436,Excavator,141,173,16
1072,5,CR-201,Crane,136,129,17
1073,1,EX-985,Excavator,86,177,0
1073,2,EX-768,Excavator,148,126,13
1073,3,LO-525,Loader,116,87,15
1073,4,FO-707,Forklift,110,95,19
1073,5,LO-796,Loader,93,159,11
1074,1,BU-852,Bulldozer,83,153,12
1074,2,FO-288,Forklift,112,144,8
1074,3,FO-389,Forklift,94,163,5
1074,4,LO-140,Loader,99,153,5
1074,5,EX-524,Excavator,103,75,7
1075,1,FO-903,Forklift,113,104,3
1075,2,EX-203,Excavator,105,77,15
1075,3,FO-640,Forklift,152,84,18
1075,4,FO-148,Forklift,114,112,11
1075,5,CR-700,Crane,130,83,0
1076,1,EX-744,Excavator,106,154,11
1076,2,EX-551,Excavator,130,78,11
1076,3,BU-339,Bulldozer,158,110,2
1076,4,GE-182,Generator,150,114,8
1076,5,BU-819,Bulldozer,96,105,8
1077,1,BU-338,Bulldozer,135,120,9
1077,2,GE-357,Generator,148,98,3
1077,3,LO-789,Loader,96,165,15
1077,4,FO-185,Forklift,149,109,4
1077,5,CR-158,Crane,113,155,18
1078,1,CR-749,Crane,99,166,7
1078,2,EX-222,Excavator,124,135,12
1078,3,LO-366,Loader,124,136,15
1078,4,CR-207,Crane,87,103,11
1078,5,GE-189,Generator,129,129,9
1079,1,LO-694,Loader,143,94,10
1079,2,FO-187,Forklift,121,89,13
1079,3,LO-307,Loader,117,128,19
1079,4,EX-463,Excavator,119,88,9
1079,5,LO-805,Loader,85,96,9
1080,1,EX-686,Excavator,91,136,13
1080,2,CR-166,Crane,106,139,5
1080,3,CR-818,Crane,90,143,5
1080,4,LO-607,Loader,142,111,5
1080,5,FO-474,Forklift,95,159,1
1081,1,CR-300,Crane,130,116,17
1081,2,EX-609,Excavator,102,169,1
1081,3,LO-133,Loader,121,105,15
1081,4,EX-515,Excavator,142,74,8
1081,5,EX-305,Excavator,139,159,6
1082,1,BU-305,Bulldozer,137,81,0
1082,2,GE-843,Generator,80,86,1
1082,3,FO-211,Forklift,132,124,16
1082,4,GE-645,Generator,111,168,14
1082,5,LO-971,Loader,117,150,0
1083,1,GE-593,Generator,147,110,11
1083,2,CR-426,Crane,122,108,0
1083,3,EX-926,Excavator,146,124,16
1083,4,FO-655,Forklift,95,144,2
1083,5,BU-102,Bulldozer,143,113,12
1084,1,LO-162,Loader,147,92,7
1084,2,CR-595,Crane,124,147,10
1084,3,LO-542,Loader,140,149,17
1084,4,GE-357,Generator,108,127,1
1084,5,CR-949,Crane,132,110,1
1085,1,CR-709,Crane,94,134,16
1085,2,EX-983,Excavator,95,148,19
1085,3,BU-524,Bulldozer,121,176,0
1085,4,EX-217,Excavator,141,156,15
1085,5,LO-506,Loader,145,115,11
1086,1,FO-796,Forklift,81,99,11
1086,2,LO-821,Loader,138,106,11
1086,3,FO-627,Forklift,113,104,6
1086,4,FO-170,Forklift,96,147,10
1086,5,GE-316,Generator,89,128,8
1087,1,LO-608,Loader,144,170,16
1087,2,BU-225,Bulldozer,145,143,1
1087,3,CR-592,Crane,103,137,11
1087,4,LO-328,Loader,132,113,12
1087,5,CR-793,Crane,122,134,17
1088,1,FO-675,Forklift,150,85,12
1088,2,FO-305,Forklift,112,141,15
1088,3,BU-987,Bulldozer,146,101,11
1088,4,LO-190,Loader,144,72,9
1088,5,CR-244,Crane,136,120,4
1089,1,GE-640,Generator,106,145,16
1089,2,EX-394,Excavator,142,99,4
1089,3,CR-720,Crane,80,102,16
1089,4,FO-578,Forklift,131,115,7
1089,5,CR-509,Crane,142,97,1
1090,1,CR-636,Crane,82,119,16
1090,2,LO-285,Loader,138,142,3
1090,3,LO-546,Loader,147,129,8
1090,4,CR-215,Crane,141,115,4
1090,5,LO-515,Loader,159,121,4
1091,1,EX-855,Excavator,140,175,14
1091,2,LO-866,Loader,93,144,2
1091,3,BU-255,Bulldozer,92,98,4
1091,4,EX-124,Excavator,158,106,5
1091,5,EX-392,Excavator,123,135,7
1092,1,CR-584,Crane,128,176,11
1092,2,FO-626,Forklift,122,124,13
1092,3,GE-111,Generator,146,119,4
1092,4,LO-657,Loader,147,104,2
1092,5,LO-925,Loader,84,70,6
1093,1,FO-263,Forklift,116,123,3
1093,2,LO-371,Loader,141,119,4
1093,3,CR-103,Crane,159,130,17
1093,4,FO-540,Forklift,130,152,19
1093,5,EX-389,Excavator,129,131,11
1094,1,GE-445,Generator,153,133,7
1094,2,EX-174,Excavator,112,144,4
1094,3,LO-205,Loader,108,104,17
1094,4,FO-133,Forklift,130,123,16
1094,5,CR-415,Crane,82,122,19
1095,1,LO-810,Loader,113,163,12
1095,2,BU-234,Bulldozer,92,133,10
1095,3,EX-961,Excavator,151,144,10
1095,4,EX-745,Excavator,116,122,7
1095,5,BU-700,Bulldozer,152,112,2
1096,1,BU-391,Bulldozer,111,141,12
1096,2,GE-485,Generator,101,132,5
1096,3,BU-280,Bulldozer,114,134,17
1096,4,LO-757,Loader,148,156,6
1096,5,BU-335,Bulldozer,95,131,1
1097,1,EX-235,Excavator,118,170,12
1097,2,EX-739,Excavator,159,138,18
1097,3,CR-982,Crane,152,120,0
1097,4,BU-670,Bulldozer,103,71,0
1097,5,EX-410,Excavator,146,154,9
1098,1,LO-709,Loader,159,173,15
1098,2,EX-535,Excavator,151,87,16
1098,3,FO-567,Forklift,99,118,5
1098,4,BU-458,Bulldozer,96,159,7
1098,5,GE-786,Generator,128,154,6
1099,1,CR-727,Crane,97,117,16
1099,2,EX-741,Excavator,157,178,14
1099,3,EX-450,Excavator,103,105,9
1099,4,LO-844,Loader,113,124,2
1099,5,CR-214,Crane,99,159,0
1100,1,BU-642,Bulldozer,122,115,18
1100,2,GE-558,Generator,129,129,9
1100,3,LO-739,Loader,149,113,6
1100,4,GE-249,Generator,156,134,19
1100,5,FO-768,Forklift,94,100,15
1101,1,CR-978,Crane,108,126,11
1101,2,GE-439,Generator,98,85,17
1101,3,EX-564,Excavator,115,78,10
1101,4,CR-993,Crane,88,160,0
1101,5,CR-378,Crane,117,124,18
1102,1,CR-716,Crane,151,171,14
1102,2,FO-570,Forklift,119,71,8
1102,3,GE-808,Generator,120,174,18
1102,4,LO-693,Loader,138,91,17
1102,5,GE-218,Generator,159,150,18
1103,1,BU-789,Bulldozer,153,177,4
1103,2,CR-897,Crane,118,104,11
1103,3,BU-468,Bulldozer,99,166,15
1103,4,LO-683,Loader,131,170,9
1103,5,CR-716,Crane,129,157,10
1104,1,EX-835,Excavator,83,160,15
1104,2,GE-158,Generator,126,89,0
1104,3,CR-999,Crane,129,77,13
1104,4,BU-861,Bulldozer,119,163,0
1104,5,EX-694,Excavator,127,140,10
1105,1,EX-273,Excavator,84,152,0
1105,2,BU-355,Bulldozer,122,144,6
1105,3,EX-911,Excavator,149,119,10
1105,4,GE-679,Generator,107,153,3
1105,5,BU-222,Bulldozer,131,110,9
1106,1,FO-370,Forklift,134,127,14
1106,2,FO-442,Forklift,143,116,16
1106,3,FO-664,Forklift,95,85,7
1106,4,FO-536,Forklift,156,125,3
1106,5,CR-717,Crane,138,153,1
1107,1,CR-974,Crane,119,100,3
1107,2,LO-569,Loader,91,158,11
1107,3,BU-526,Bulldozer,124,168,7
1107,4,BU-246,Bulldozer,131,151,0
1107,5,CR-724,Crane,104,103,7
1108,1,BU-469,Bulldozer,99,79,7
1108,2,GE-957,Generator,139,169,2
1108,3,CR-522,Crane,122,161,11
1108,4,BU-257,Bulldozer,117,177,8
1108,5,FO-325,Forklift,155,161,8
1109,1,LO-324,Loader,81,143,18
1109,2,EX-985,Excavator,158,95,12
1109,3,GE-803,Generator,139,179,1
1109,4,CR-995,Crane,112,157,15
1109,5,LO-252,Loader,109,109,6
1110,1,GE-313,Generator,152,130,15
1110,2,BU-727,Bulldozer,129,175,10
1110,3,EX-475,Excavator,127,125,8
1110,4,FO-509,Forklift,106,76,11
1110,5,CR-842,Crane,153,122,10
1111,1,FO-670,Forklift,155,169,1
1111,2,BU-166,Bulldozer,90,143,12
1111,3,LO-178,Loader,110,81,1
1111,4,EX-293,Excavator,113,174,7
1111,5,LO-358,Loader,117,104,14
1112,1,EX-602,Excavator,139,98,10
1112,2,FO-131,Forklift,109,159,16
1112,3,FO-139,Forklift,148,161,0
1112,4,FO-441,Forklift,141,80,7
1112,5,GE-262,Generator,137,116,0
1113,1,FO-977,Forklift,113,152,2
1113,2,CR-378,Crane,114,70,7
1113,3,LO-801,Loader,136,81,14
1113,4,GE-299,Generator,158,103,3
1113,5,BU-186,Bulldozer,94,81,19
1114,1,EX-130,Excavator,149,135,10
1114,2,GE-722,Generator,140,94,3
1114,3,FO-416,Forklift,102,161,13
1114,4,GE-950,Generator,120,127,1
1114,5,EX-612,Excavator,84,169,4
1115,1,EX-755,Excavator,114,154,10
1115,2,FO-111,Forklift,153,101,18
1115,3,FO-964,Forklift,81,163,7
1115,4,LO-575,Loader,108,81,3
1115,5,CR-316,Crane,86,177,5
1116,1,BU-205,Bulldozer,122,105,0
1116,2,LO-787,Loader,130,149,1
1116,3,GE-350,Generator,142,167,14
1116,4,FO-367,Forklift,139,86,19
1116,5,FO-845,Forklift,159,145,3
1117,1,GE-691,Generator,93,107,19
1117,2,FO-293,Forklift,132,85,8
1117,3,GE-333,Generator,120,78,18
1117,4,CR-380,Crane,155,118,12
1117,5,EX-488,Excavator,123,106,11
1118,1,CR-554,Crane,115,176,18
1118,2,EX-629,Excavator,118,99,18
1118,3,EX-295,Excavator,154,87,19
1118,4,GE-480,Generator,139,111,11
1118,5,EX-401,Excavator,153,74,1
1119,1,GE-487,Generator,127,88,0
1119,2,FO-753,Forklift,146,99,2
1119,3,BU-697,Bulldozer,84,131,18
1119,4,LO-800,Loader,90,104,1
1119,5,LO-588,Loader,106,92,6
1120,1,EX-941,Excavator,142,161,6
1120,2,EX-871,Excavator,132,92,5
1120,3,CR-304,Crane,94,141,9
1120,4,FO-370,Forklift,111,74,9
1120,5,GE-788,Generator,121,75,11
1121,1,BU-444,Bulldozer,151,134,1
1121,2,FO-775,Forklift,149,177,19
1121,3,FO-316,Forklift,144,79,9
1121,4,EX-376,Excavator,88,80,19
1121,5,GE-517,Generator,106,87,4
1122,1,BU-817,Bulldozer,141,132,18
1122,2,FO-796,Forklift,101,167,4
1122,3,GE-339,Generator,109,171,15
1122,4,EX-463,Excavator,103,72,19
1122,5,GE-999,Generator,109,131,19
1123,1,LO-199,Loader,133,168,14
1123,2,CR-658,Crane,121,153,7
1123,3,FO-771,Forklift,147,153,8
1123,4,LO-185,Loader,153,125,15
1123,5,FO-791,Forklift,156,74,0
1124,1,EX-875,Excavator,111,88,19
1124,2,LO-139,Loader,83,116,1
1124,3,FO-217,Forklift,137,174,0
1124,4,BU-299,Bulldozer,115,103,14
1124,5,FO-911,Forklift,120,108,0
1125,1,EX-511,Excavator,148,178,17
1125,2,LO-807,Loader,147,87,13
1125,3,GE-926,Generator,150,154,15
1125,4,LO-387,Loader,116,136,14
1125,5,LO-731,Loader,84,140,4
1126,1,CR-552,Crane,146,120,5
1126,2,GE-567,Generator,117,111,11
1126,3,FO-586,Forklift,123,89,3
1126,4,BU-847,Bulldozer,97,84,8
1126,5,CR-837,Crane,146,159,11
1127,1,GE-920,Generator,121,101,9
1127,2,FO-393,Forklift,152,155,10
1127,3,CR-809,Crane,126,154,14
1127,4,BU-305,Bulldozer,95,171,13
1127,5,BU-777,Bulldozer,123,139,4
1128,1,CR-456,Crane,143,81,19
1128,2,GE-938,Generator,133,127,19
1128,3,LO-734,Loader,136,130,4
1128,4,EX-575,Excavator,122,84,2
1128,5,EX-922,Excavator,117,145,17
1129,1,GE-807,Generator,89,146,8
1129,2,EX-104,Excavator,107,111,9
1129,3,GE-895,Generator,145,122,8
1129,4,FO-103,Forklift,86,138,10
1129,5,EX-734,Excavator,109,75,4
1130,1,BU-919,Bulldozer,117,84,15
1130,2,EX-790,Excavator,116,179,0
1130,3,EX-200,Excavator,119,80,9
1130,4,FO-714,Forklift,122,139,11
1130,5,LO-902,Loader,106,179,4
1131,1,BU-971,Bulldozer,148,149,19
1131,2,CR-346,Crane,105,149,9
1131,3,BU-745,Bulldozer,103,118,3
1131,4,GE-877,Generator,145,148,1
1131,5,FO-703,Forklift,85,107,4
1132,1,FO-712,Forklift,82,129,15
1132,2,FO-276,Forklift,100,126,6
1132,3,LO-997,Loader,135,135,15
1132,4,LO-962,Loader,124,118,18
1132,5,EX-836,Excavator,142,87,8
1133,1,FO-785,Forklift,88,95,14
1133,2,CR-599,Crane,158,116,9
1133,3,CR-697,Crane,157,135,18
1133,4,BU-962,Bulldozer,122,103,4
1133,5,BU-143,Bulldozer,91,174,8
1134,1,FO-953,Forklift,95,141,9
1134,2,BU-544,Bulldozer,99,142,8
1134,3,LO-429,Loader,113,92,6
1134,4,BU-729,Bulldozer,87,157,9
1134,5,BU-788,Bulldozer,80,137,9
1135,1,CR-721,Crane,105,167,14
1135,2,EX-372,Excavator,123,107,14
1135,3,BU-850,Bulldozer,131,93,14
1135,4,FO-977,Forklift,94,72,19
1135,5,CR-183,Crane,137,155,10
1136,1,EX-952,Excavator,124,143,1
1136,2,EX-736,Excavator,134,98,2
1136,3,LO-152,Loader,82,167,11
1136,4,GE-201,Generator,95,81,5
1136,5,FO-539,Forklift,117,134,13
1137,1,CR-638,Crane,141,120,18
1137,2,EX-333,Excavator,87,143,18
1137,3,LO-311,Loader,105,110,15
1137,4,EX-175,Excavator,108,148,8
1137,5,CR-121,Crane,146,70,1
1138,1,EX-527,Excavator,135,147,12
1138,2,FO-951,Forklift,144,91,7
1138,3,LO-411,Loader,132,73,19
1138,4,EX-554,Excavator,93,162,18
1138,5,GE-214,Generator,90,107,13
1139,1,BU-690,Bulldozer,123,92,9
1139,2,LO-674,Loader,80,133,9
1139,3,EX-502,Excavator,107,102,19
1139,4,CR-539,Crane,89,148,5
1139,5,EX-342,Excavator,115,118,8
1140,1,GE-167,Generator,120,105,16
1140,2,FO-138,Forklift,120,76,6
1140,3,CR-542,Crane,120,155,12
1140,4,LO-214,Loader,95,95,13
1140,5,CR-508,Crane,126,105,15
1141,1,LO-168,Loader,133,96,2
1141,2,GE-443,Generator,145,75,14
1141,3,FO-635,Forklift,103,112,18
1141,4,BU-660,Bulldozer,84,159,2
1141,5,CR-624,Crane,136,148,8
1142,1,LO-137,Loader,141,91,14
1142,2,BU-700,Bulldozer,84,162,19
1142,3,CR-334,Crane,86,116,11
1142,4,BU-576,Bulldozer,105,178,16
1142,5,LO-484,Loader,99,155,14
1143,1,GE-886,Generator,156,107,10
1143,2,CR-146,Crane,83,123,14
1143,3,EX-965,Excavator,96,148,18
1143,4,EX-388,Excavator,92,119,10
1143,5,EX-101,Excavator,156,174,2
1144,1,GE-511,Generator,100,164,0
1144,2,BU-975,Bulldozer,134,106,9
1144,3,BU-593,Bulldozer,122,126,1
1144,4,LO-390,Loader,135,156,2
1144,5,FO-590,Forklift,109,142,11
1145,1,LO-881,Loader,113,79,15
1145,2,CR-411,Crane,97,81,9
1145,3,BU-661,Bulldozer,126,110,14
1145,4,LO-993,Loader,151,151,10
1145,5,BU-163,Bulldozer,151,127,8
1146,1,EX-118,Excavator,117,101,5
1146,2,CR-114,Crane,101,128,19
1146,3,EX-176,Excavator,140,147,1
1146,4,FO-733,Forklift,110,87,9
1146,5,EX-511,Excavator,110,117,8
1147,1,GE-536,Generator,158,82,11
1147,2,GE-749,Generator,117,85,19
1147,3,EX-283,Excavator,112,179,4
1147,4,EX-611,Excavator,143,111,6
1147,5,BU-455,Bulldozer,86,136,16
1148,1,BU-456,Bulldozer,136,161,1
1148,2,LO-275,Loader,108,72,13
1148,3,EX-826,Excavator,139,81,10
1148,4,BU-791,Bulldozer,158,158,18
1148,5,FO-534,Forklift,144,78,18
1149,1,FO-259,Forklift,109,160,16
1149,2,FO-392,Forklift,94,172,7
1149,3,BU-618,Bulldozer,120,121,7
1149,4,BU-734,Bulldozer,117,90,2
1149,5,BU-302,Bulldozer,133,84,10
1150,1,LO-815,Loader,107,165,7
1150,2,FO-289,Forklift,149,179,16
1150,3,EX-254,Excavator,159,131,11
1150,4,FO-258,Forklift,149,108,10
1150,5,CR-720,Crane,90,85,16
1151,1,BU-511,Bulldozer,100,88,16
1151,2,CR-466,Crane,118,91,2
1151,3,GE-873,Generator,113,152,6
1151,4,CR-754,Crane,92,176,4
1151,5,CR-934,Crane,108,80,12
1152,1,LO-755,Loader,122,85,10
1152,2,GE-866,Generator,151,94,1
1152,3,FO-275,Forklift,80,158,18
1152,4,GE-414,Generator,84,132,0
1152,5,FO-813,Forklift,114,178,12
1153,1,GE-827,Generator,97,178,8
1153,2,LO-898,Loader,90,168,10
1153,3,GE-260,Generator,138,144,5
1153,4,EX-201,Excavator,145,99,11
1153,5,EX-328,Excavator,93,123,2
1154,1,FO-417,Forklift,154,88,11
1154,2,CR-428,Crane,117,90,3
1154,3,BU-964,Bulldozer,90,90,18
1154,4,CR-791,Crane,131,133,17
1154,5,FO-832,Forklift,112,141,6
1155,1,EX-904,Excavator,99,74,11
1155,2,FO-918,Forklift,88,86,2
1155,3,CR-765,Crane,150,96,18
1155,4,CR-755,Crane,142,104,3
1155,5,FO-171,Forklift,128,132,12
1156,1,CR-647,Crane,156,156,6
1156,2,CR-413,Crane,139,154,19
1156,3,CR-797,Crane,131,87,9
1156,4,EX-898,Excavator,158,174,17
1156,5,GE-345,Generator,121,104,12
1157,1,CR-920,Crane,92,104,15
1157,2,GE-417,Generator,133,168,6
1157,3,GE-817,Generator,88,75,19
1157,4,BU-677,Bulldozer,129,122,14
1157,5,BU-318,Bulldozer,133,132,12
1158,1,EX-565,Excavator,150,162,14
1158,2,EX-556,Excavator,129,71,2
1158,3,LO-465,Loader,84,169,7
1158,4,FO-767,Forklift,140,76,7
1158,5,BU-511,Bulldozer,157,173,16
1159,1,FO-430,Forklift,95,162,3
1159,2,BU-149,Bulldozer,146,93,5
1159,3,LO-250,Loader,146,106,4
1159,4,GE-927,Generator,86,151,19
1159,5,FO-730,Forklift,144,138,0
1160,1,FO-572,Forklift,123,131,13
1160,2,EX-519,Excavator,120,101,5
1160,3,LO-772,Loader,145,139,9
1160,4,FO-486,Forklift,136,125,16
1160,5,EX-535,Excavator,140,75,3
1161,1,BU-704,Bulldozer,147,152,12
1161,2,CR-391,Crane,87,109,8
1161,3,EX-302,Excavator,147,90,16
1161,4,LO-574,Loader,99,150,0
1161,5,CR-261,Crane,148,171,6
1162,1,GE-728,Generator,126,97,0
1162,2,BU-242,Bulldozer,88,162,3
1162,3,EX-591,Excavator,100,138,17
1162,4,FO-503,Forklift,146,148,16
1162,5,BU-185,Bulldozer,85,83,16
1163,1,CR-621,Crane,83,77,8
1163,2,LO-415,Loader,158,152,10
1163,3,FO-109,Forklift,92,174,3
1163,4,FO-329,Forklift,155,111,1
1163,5,BU-840,Bulldozer,143,104,5
1164,1,LO-948,Loader,109,153,16
1164,2,GE-326,Generator,113,150,19
1164,3,GE-784,Generator,122,95,11
1164,4,BU-557,Bulldozer,134,112,6
1164,5,BU-278,Bulldozer,108,118,7
1165,1,BU-977,Bulldozer,153,134,0
1165,2,CR-546,Crane,126,146,3
1165,3,GE-778,Generator,93,171,14
1165,4,FO-513,Forklift,133,130,5
1165,5,GE-280,Generator,155,93,10
1166,1,BU-808,Bulldozer,99,99,14
1166,2,LO-934,Loader,159,133,1
1166,3,CR-689,Crane,154,90,16
1166,4,BU-974,Bulldozer,82,84,15
1166,5,GE-583,Generator,87,170,3
1167,1,BU-416,Bulldozer,114,72,18
1167,2,LO-749,Loader,158,88,12
1167,3,BU-431,Bulldozer,128,140,8
1167,4,FO-333,Forklift,147,156,16
1167,5,LO-511,Loader,84,142,5
1168,1,FO-901,Forklift,135,90,15
1168,2,EX-717,Excavator,154,158,15
1168,3,GE-927,Generator,97,127,13
1168,4,GE-138,Generator,80,115,7
1168,5,CR-911,Crane,129,71,11
1169,1,FO-158,Forklift,82,103,6
1169,2,FO-584,Forklift,136,120,13
1169,3,CR-722,Crane,144,170,15
1169,4,CR-696,Crane,143,110,14
1169,5,GE-412,Generator,119,162,16
1170,1,FO-786,Forklift,138,87,19
1170,2,EX-140,Excavator,151,134,10
1170,3,EX-616,Excavator,149,121,3
1170,4,FO-380,Forklift,101,144,5
1170,5,EX-819,Excavator,87,111,8
1171,1,CR-773,Crane,157,88,5
1171,2,EX-514,Excavator,126,149,11
1171,3,BU-575,Bulldozer,113,158,13
1171,4,LO-527,Loader,126,162,16
1171,5,LO-822,Loader,152,81,19
1172,1,FO-516,Forklift,91,162,12
1172,2,CR-408,Crane,135,137,6
1172,3,EX-345,Excavator,147,176,19
1172,4,EX-435,Excavator,120,142,13
1172,5,GE-457,Generator,154,156,14
1173,1,EX-171,Excavator,102,94,3
1173,2,CR-304,Crane,124,100,13
1173,3,FO-314,Forklift,130,159,12
1173,4,GE-731,Generator,104,73,17
1173,5,FO-173,Forklift,119,84,5
1174,1,BU-870,Bulldozer,155,146,6
1174,2,EX-516,Excavator,88,94,4
1174,3,BU-946,Bulldozer,121,71,17
1174,4,EX-310,Excavator,98,123,7
1174,5,FO-106,Forklift,130,111,12
1175,1,EX-539,Excavator,131,89,5
1175,2,GE-941,Generator,152,82,17
1175,3,LO-246,Loader,133,90,7
1175,4,FO-424,Forklift,145,123,17
1175,5,BU-317,Bulldozer,109,110,11
1176,1,LO-136,Loader,156,156,18
1176,2,EX-356,Excavator,152,152,13
1176,3,BU-813,Bulldozer,153,92,13
1176,4,FO-193,Forklift,89,120,12
1176,5,CR-270,Crane,88,120,18
1177,1,BU-284,Bulldozer,87,153,14
1177,2,GE-656,Generator,110,94,12
1177,3,GE-466,Generator,137,83,8
1177,4,CR-986,Crane,130,90,11
1177,5,LO-190,Loader,103,129,12
1178,1,EX-361,Excavator,115,175,12
1178,2,LO-581,Loader,90,118,14
1178,3,LO-691,Loader,113,175,4
1178,4,FO-651,Forklift,143,153,7
1178,5,BU-288,Bulldozer,115,153,3
1179,1,EX-430,Excavator,85,166,17
1179,2,CR-169,Crane,107,136,2
1179,3,CR-347,Crane,104,105,1
1179,4,LO-198,Loader,96,74,16
1179,5,FO-910,Forklift,116,93,16
1180,1,CR-895,Crane,111,97,8
1180,2,FO-177,Forklift,115,169,18
1180,3,LO-477,Loader,85,160,10
1180,4,GE-243,Generator,152,96,12
1180,5,GE-442,Generator,150,86,14
1181,1,LO-295,Loader,123,99,14
1181,2,EX-340,Excavator,120,172,19
1181,3,GE-244,Generator,129,145,14
1181,4,CR-614,Crane,102,103,19
1181,5,FO-449,Forklift,90,121,12
1182,1,CR-805,Crane,149,154,11
1182,2,FO-955,Forklift,119,111,0
1182,3,EX-150,Excavator,108,104,10
1182,4,EX-733,Excavator,134,95,18
1182,5,LO-839,Loader,145,151,10
1183,1,BU-272,Bulldozer,158,103,5
1183,2,FO-533,Forklift,103,153,2
1183,3,GE-803,Generator,111,141,5
1183,4,EX-845,Excavator,83,164,10
1183,5,EX-593,Excavator,156,72,5
1184,1,BU-257,Bulldozer,135,90,10
1184,2,GE-470,Generator,86,145,5
1184,3,FO-619,Forklift,139,161,17
1184,4,EX-698,Excavator,113,166,18
1184,5,EX-429,Excavator,152,160,4
1185,1,BU-335,Bulldozer,147,119,1
1185,2,EX-882,Excavator,121,77,6
1185,3,FO-535,Forklift,149,104,9
1185,4,BU-214,Bulldozer,121,122,0
1185,5,EX-281,Excavator,92,106,5
1186,1,BU-131,Bulldozer,141,132,12
1186,2,LO-497,Loader,114,143,5
1186,3,GE-877,Generator,133,175,15
1186,4,CR-996,Crane,112,89,15
1186,5,BU-451,Bulldozer,141,78,6
1187,1,FO-754,Forklift,82,126,3
1187,2,CR-465,Crane,117,93,13
1187,3,BU-333,Bulldozer,120,159,0
1187,4,CR-728,Crane,146,160,4
1187,5,FO-171,Forklift,147,120,11
1188,1,GE-368,Generator,80,102,2
1188,2,GE-322,Generator,102,145,19
1188,3,BU-477,Bulldozer,104,171,16
1188,4,FO-174,Forklift,140,126,14
1188,5,CR-964,Crane,143,116,4
1189,1,FO-776,Forklift,85,123,6
1189,2,LO-392,Loader,95,110,14
1189,3,BU-619,Bulldozer,93,70,1
1189,4,GE-813,Generator,108,156,14
1189,5,BU-445,Bulldozer,99,90,19
1190,1,FO-225,Forklift,144,114,3
1190,2,EX-971,Excavator,129,157,1
1190,3,LO-363,Loader,141,175,1
1190,4,CR-349,Crane,157,112,5
1190,5,LO-470,Loader,149,73,5
1191,1,EX-360,Excavator,130,165,10
1191,2,EX-817,Excavator,103,135,9
1191,3,EX-616,Excavator,114,141,3
1191,4,FO-322,Forklift,86,124,0
1191,5,EX-717,Excavator,112,124,8
1192,1,EX-162,Excavator,110,154,11
1192,2,EX-879,Excavator,157,149,10
1192,3,GE-888,Generator,125,74,4
1192,4,GE-714,Generator,147,89,8
1192,5,FO-127,Forklift,120,153,6
1193,1,BU-624,Bulldozer,134,123,5
1193,2,LO-181,Loader,159,72,0
1193,3,GE-877,Generator,81,74,9
1193,4,GE-835,Generator,81,131,11
1193,5,EX-563,Excavator,97,168,13
1194,1,CR-853,Crane,113,166,1
1194,2,GE-549,Generator,98,126,10
1194,3,FO-564,Forklift,136,82,1
1194,4,CR-233,Crane,114,134,8
1194,5,GE-768,Generator,96,137,12
1195,1,BU-459,Bulldozer,94,166,9
1195,2,LO-826,Loader,147,91,11
1195,3,BU-674,Bulldozer,129,125,8
1195,4,BU-569,Bulldozer,151,143,6
1195,5,GE-959,Generator,116,171,8
1196,1,LO-610,Loader,145,99,6
1196,2,FO-871,Forklift,83,108,14
1196,3,CR-203,Crane,156,146,19
1196,4,LO-726,Loader,116,143,15
1196,5,LO-882,Loader,100,173,9
1197,1,BU-147,Bulldozer,124,147,17
1197,2,EX-370,Excavator,159,98,13
1197,3,EX-342,Excavator,155,112,18
1197,4,LO-232,Loader,141,154,0
1197,5,LO-144,Loader,99,78,5
1198,1,CR-982,Crane,97,122,5
1198,2,CR-329,Crane,131,166,12
1198,3,GE-844,Generator,157,159,11
1198,4,CR-616,Crane,145,71,1
1198,5,BU-317,Bulldozer,145,143,17
1199,1,BU-559,Bulldozer,94,154,10
1199,2,BU-641,Bulldozer,84,107,4
1199,3,BU-241,Bulldozer,123,125,15
1199,4,BU-501,Bulldozer,126,151,8
1199,5,BU-743,Bulldozer,104,132,4
1200,1,LO-690,Loader,127,144,7
1200,2,FO-737,Forklift,85,109,14
1200,3,EX-213,Excavator,122,142,19
1200,4,EX-197,Excavator,136,162,13
1200,5,GE-344,Generator,120,89,6
1201,1,LO-949,Loader,121,77,3
1201,2,BU-860,Bulldozer,102,173,19
1201,3,EX-295,Excavator,134,164,10
1201,4,FO-555,Forklift,92,123,18
1201,5,CR-650,Crane,83,96,17
1202,1,BU-412,Bulldozer,81,79,9
1202,2,FO-391,Forklift,127,135,11
1202,3,FO-726,Forklift,114,90,9
1202,4,EX-798,Excavator,153,126,15
1202,5,GE-151,Generator,96,158,7
1203,1,BU-997,Bulldozer,130,122,18
1203,2,EX-418,Excavator,113,164,7
1203,3,GE-476,Generator,158,78,9
1203,4,LO-400,Loader,134,127,18
1203,5,CR-281,Crane,120,172,5
1204,1,EX-681,Excavator,151,85,10
1204,2,LO-137,Loader,147,114,14
1204,3,EX-190,Excavator,85,87,2
1204,4,LO-525,Loader,105,139,11
1204,5,FO-602,Forklift,149,161,9
1205,1,LO-894,Loader,87,149,15
1205,2,FO-813,Forklift,135,171,3
1205,3,GE-855,Generator,136,166,1
1205,4,EX-263,Excavator,137,170,0
1205,5,EX-162,Excavator,104,95,17
1206,1,EX-657,Excavator,81,158,11
1206,2,BU-444,Bulldozer,123,156,17
1206,3,LO-854,Loader,123,112,18
1206,4,EX-651,Excavator,97,115,18
1206,5,EX-950,Excavator,146,84,8
1207,1,BU-285,Bulldozer,130,99,10
1207,2,EX-273,Excavator,117,146,4
1207,3,FO-158,Forklift,97,100,1
1207,4,CR-525,Crane,110,148,10
1207,5,EX-425,Excavator,153,81,0
1208,1,FO-909,Forklift,122,85,6
1208,2,LO-476,Loader,131,113,13
1208,3,LO-495,Loader,154,150,14
1208,4,GE-151,Generator,117,135,6
1208,5,CR-131,Crane,95,97,17
1209,1,BU-559,Bulldozer,142,96,7
1209,2,BU-722,Bulldozer,142,105,19
1209,3,EX-822,Excavator,143,91,19
1209,4,BU-421,Bulldozer,96,85,8
1209,5,LO-274,Loader,104,145,6
1210,1,CR-385,Crane,141,164,15
1210,2,FO-932,Forklift,151,119,19
1210,3,GE-757,Generator,141,173,0
1210,4,CR-493,Crane,137,86,0
1210,5,FO-494,Forklift,93,125,17
1211,1,LO-499,Loader,122,109,0
1211,2,CR-426,Crane,135,101,1
1211,3,CR-376,Crane,96,96,15
1211,4,FO-199,Forklift,85,77,14
1211,5,EX-392,Excavator,131,108,6
1212,1,GE-688,Generator,126,154,18
1212,2,CR-305,Crane,101,148,9
1212,3,GE-292,Generator,119,127,9
1212,4,LO-326,Loader,154,140,1
1212,5,EX-843,Excavator,112,96,12
1213,1,CR-578,Crane,81,87,3
1213,2,LO-568,Loader,128,136,5
1213,3,FO-326,Forklift,151,84,11
1213,4,LO-749,Loader,154,156,1
1213,5,GE-506,Generator,100,82,4
1214,1,GE-385,Generator,127,149,0
1214,2,FO-833,Forklift,117,104,13
1214,3,LO-630,Loader,95,134,5
1214,4,BU-606,Bulldozer,132,109,9
1214,5,LO-208,Loader,118,81,9
1215,1,FO-438,Forklift,110,89,6
1215,2,GE-982,Generator,133,155,18
1215,3,GE-135,Generator,125,179,0
1215,4,CR-812,Crane,158,90,1
1215,5,GE-596,Generator,131,145,10
1216,1,CR-852,Crane,140,169,16
1216,2,CR-178,Crane,100,99,13
1216,3,LO-547,Loader,112,76,16
1216,4,CR-903,Crane,96,153,19
1216,5,BU-113,Bulldozer,127,152,16
1217,1,GE-575,Generator,142,126,5
1217,2,FO-111,Forklift,137,110,15
1217,3,EX-304,Excavator,133,145,9
1217,4,CR-768,Crane,148,140,5
1217,5,LO-267,Loader,90,135,12
1218,1,GE-475,Generator,130,74,15
1218,2,FO-705,Forklift,95,111,16
1218,3,GE-400,Generator,128,92,13
1218,4,EX-958,Excavator,81,100,14
1218,5,CR-222,Crane,131,93,2
1219,1,LO-931,Loader,121,179,19
1219,2,BU-206,Bulldozer,81,111,6
1219,3,EX-735,Excavator,84,169,16
1219,4,EX-862,Excavator,91,87,14
1219,5,FO-255,Forklift,82,130,16
1220,1,EX-184,Excavator,156,77,11
1220,2,EX-456,Excavator,123,154,1
1220,3,EX-847,Excavator,123,160,10
1220,4,GE-932,Generator,133,96,14
1220,5,CR-367,Crane,87,172,12
1221,1,GE-501,Generator,138,116,3
1221,2,FO-717,Forklift,90,107,10
1221,3,BU-357,Bulldozer,137,162,8
1221,4,FO-374,Forklift,122,81,3
1221,5,FO-345,Forklift,144,162,2
1222,1,LO-934,Loader,91,162,13
1222,2,FO-306,Forklift,84,115,17
1222,3,GE-324,Generator,123,177,14
1222,4,CR-320,Crane,93,88,5
1222,5,CR-903,Crane,141,87,15
1223,1,GE-405,Generator,87,118,18
1223,2,CR-257,Crane,126,152,0
1223,3,EX-932,Excavator,138,93,8
1223,4,BU-604,Bulldozer,114,117,5
1223,5,GE-627,Generator,85,86,17
1224,1,LO-682,Loader,120,165,4
1224,2,FO-276,Forklift,126,94,2
1224,3,FO-530,Forklift,112,169,18
1224,4,FO-263,Forklift,116,122,6
1224,5,FO-648,Forklift,155,85,9
1225,1,EX-262,Excavator,127,143,8
1225,2,LO-813,Loader,95,174,0
1225,3,LO-745,Loader,98,155,1
1225,4,FO-503,Forklift,80,94,10
1225,5,BU-718,Bulldozer,113,124,2
1226,1,BU-972,Bulldozer,111,142,3
1226,2,CR-740,Crane,94,137,19
1226,3,FO-520,Forklift,146,131,11
1226,4,EX-932,Excavator,116,137,11
1226,5,CR-104,Crane,105,107,4
1227,1,GE-539,Generator,132,126,1
1227,2,FO-849,Forklift,131,106,4
1227,3,CR-818,Crane,111,176,11
1227,4,EX-805,Excavator,90,164,3
1227,5,BU-498,Bulldozer,99,102,8
1228,1,BU-500,Bulldozer,156,128,16
1228,2,GE-512,Generator,119,106,0
1228,3,FO-295,Forklift,117,90,9
1228,4,EX-310,Excavator,85,109,15
1228,5,CR-672,Crane,109,104,6
1229,1,EX-398,Excavator,84,93,5
1229,2,GE-657,Generator,100,130,3
1229,3,CR-513,Crane,155,94,12
1229,4,LO-456,Loader,138,90,2
1229,5,EX-687,Excavator,128,114,0
1230,1,BU-337,Bulldozer,152,169,19
1230,2,BU-373,Bulldozer,80,89,5
1230,3,EX-350,Excavator,108,98,12
1230,4,CR-534,Crane,112,139,19
1230,5,EX-806,Excavator,90,175,12
1231,1,BU-940,Bulldozer,126,163,7
1231,2,GE-183,Generator,82,76,13
1231,3,CR-627,Crane,92,165,8
1231,4,GE-356,Generator,115,144,18
1231,5,GE-645,Generator,111,86,11
1232,1,GE-989,Generator,102,155,2
1232,2,BU-101,Bulldozer,94,99,3
1232,3,GE-307,Generator,145,120,19
1232,4,BU-879,Bulldozer,133,138,9
1232,5,GE-903,Generator,89,126,15
1233,1,EX-767,Excavator,84,150,2
1233,2,LO-345,Loader,80,166,16
1233,3,BU-300,Bulldozer,91,133,0
1233,4,EX-528,Excavator,159,121,7
1233,5,FO-214,Forklift,85,145,10
1234,1,LO-261,Loader,153,107,8
1234,2,FO-267,Forklift,90,95,16
1234,3,BU-717,Bulldozer,130,81,9
1234,4,FO-947,Forklift,100,74,18
1234,5,GE-337,Generator,118,88,10
1235,1,BU-825,Bulldozer,111,86,6
1235,2,LO-370,Loader,91,86,15
1235,3,FO-402,Forklift,131,101,13
1235,4,GE-266,Generator,124,130,12
1235,5,BU-121,Bulldozer,82,165,2
1236,1,EX-740,Excavator,150,160,16
1236,2,FO-970,Forklift,84,148,11
1236,3,EX-571,Excavator,89,157,8
1236,4,FO-930,Forklift,92,169,18
1236,5,GE-521,Generator,89,121,5
1237,1,FO-871,Forklift,150,98,18
1237,2,EX-678,Excavator,157,89,9
1237,3,EX-793,Excavator,135,138,17
1237,4,EX-759,Excavator,84,85,5
1237,5,FO-657,Forklift,150,103,13
1238,1,CR-680,Crane,90,75,5
1238,2,BU-648,Bulldozer,143,100,1
1238,3,LO-247,Loader,80,130,3
1238,4,GE-136,Generator,141,141,5
1238,5,GE-261,Generator,120,105,5
1239,1,LO-136,Loader,113,137,19
1239,2,FO-713,Forklift,135,125,9
1239,3,GE-322,Generator,103,173,14
1239,4,GE-617,Generator,85,78,8
1239,5,FO-663,Forklift,136,112,9
1240,1,BU-116,Bulldozer,103,120,0
1240,2,BU-493,Bulldozer,118,71,5
1240,3,FO-349,Forklift,109,145,5
1240,4,CR-259,Crane,132,130,7
1240,5,EX-667,Excavator,138,158,13
1241,1,FO-929,Forklift,94,129,6
1241,2,FO-881,Forklift,142,149,1
1241,3,CR-550,Crane,104,179,0
1241,4,GE-144,Generator,96,125,2
1241,5,EX-215,Excavator,109,112,7
1242,1,EX-835,Excavator,100,109,2
1242,2,CR-105,Crane,152,98,7
1242,3,FO-622,Forklift,150,83,7
1242,4,GE-726,Generator,103,151,6
1242,5,CR-792,Crane,127,162,13
1243,1,EX-561,Excavator,129,96,7
1243,2,EX-265,Excavator,118,89,12
1243,3,LO-716,Loader,121,136,15
1243,4,GE-626,Generator,113,147,14
1243,5,EX-601,Excavator,134,81,6
1244,1,CR-730,Crane,95,91,11
1244,2,GE-910,Generator,114,173,1
1244,3,LO-682,Loader,119,135,14
1244,4,BU-346,Bulldozer,101,133,12
1244,5,FO-431,Forklift,117,136,9
1245,1,GE-301,Generator,115,94,6
1245,2,LO-394,Loader,151,81,5
1245,3,FO-356,Forklift,97,108,17
1245,4,BU-371,Bulldozer,135,128,13
1245,5,FO-633,Forklift,89,73,14
1246,1,BU-757,Bulldozer,154,164,9
1246,2,GE-200,Generator,156,132,6
1246,3,GE-517,Generator,113,113,4
1246,4,EX-516,Excavator,148,155,19
1246,5,EX-164,Excavator,113,140,5
1247,1,EX-829,Excavator,83,124,18
1247,2,GE-330,Generator,132,89,4
1247,3,GE-121,Generator,104,108,0
1247,4,LO-129,Loader,146,158,6
1247,5,EX-116,Excavator,111,100,2
1248,1,FO-745,Forklift,85,77,11
1248,2,GE-165,Generator,82,109,18
1248,3,EX-100,Excavator,143,77,11
1248,4,GE-352,Generator,145,92,16
1248,5,CR-347,Crane,157,130,19
1249,1,BU-257,Bulldozer,92,175,16
1249,2,EX-136,Excavator,120,135,2
1249,3,GE-666,Generator,84,145,16
1249,4,LO-996,Loader,112,115,8
1249,5,FO-746,Forklift,152,120,1
1250,1,LO-934,Loader,94,108,1
1250,2,LO-255,Loader,128,123,13
1250,3,LO-584,Loader,132,147,0
1250,4,CR-408,Crane,116,171,7
1250,5,LO-773,Loader,82,176,1
1251,1,CR-703,Crane,144,176,6
1251,2,LO-165,Loader,97,145,16
1251,3,EX-832,Excavator,89,166,5
1251,4,FO-790,Forklift,116,173,6
1251,5,FO-942,Forklift,142,112,10
1252,1,FO-992,Forklift,155,172,3
1252,2,FO-994,Forklift,159,171,10
1252,3,EX-208,Excavator,119,99,19
1252,4,BU-689,Bulldozer,156,154,9
1252,5,GE-170,Generator,105,161,17
1253,1,LO-184,Loader,145,171,3
1253,2,CR-191,Crane,111,160,12
1253,3,LO-753,Loader,111,160,14
1253,4,BU-666,Bulldozer,144,98,2
1253,5,LO-679,Loader,121,170,0
1254,1,GE-813,Generator,129,139,3
1254,2,GE-571,Generator,157,163,12
1254,3,GE-743,Generator,111,103,8
1254,4,LO-760,Loader,93,137,3
1254,5,CR-980,Crane,118,73,15
1255,1,GE-643,Generator,126,94,2
1255,2,EX-820,Excavator,155,74,1
1255,3,EX-640,Excavator,83,151,3
1255,4,EX-331,Excavator,155,143,8
1255,5,LO-532,Loader,113,141,9
1256,1,GE-211,Generator,137,118,19
1256,2,EX-498,Excavator,115,94,6
1256,3,CR-319,Crane,100,139,15
1256,4,BU-231,Bulldozer,156,159,2
1256,5,BU-319,Bulldozer,155,85,13
1257,1,BU-477,Bulldozer,80,179,3
1257,2,LO-350,Loader,114,177,3
1257,3,BU-970,Bulldozer,94,175,16
1257,4,CR-403,Crane,113,131,2
1257,5,GE-483,Generator,110,132,5
1258,1,GE-502,Generator,90,132,11
1258,2,EX-668,Excavator,147,81,4
1258,3,GE-150,Generator,159,161,11
1258,4,LO-664,Loader,105,94,5
1258,5,GE-868,Generator,86,75,12
1259,1,GE-933,Generator,120,176,0
1259,2,CR-858,Crane,80,156,3
1259,3,EX-360,Excavator,136,155,10
1259,4,FO-542,Forklift,142,75,3
1259,5,LO-866,Loader,116,172,18
1260,1,FO-148,Forklift,125,86,3
1260,2,LO-414,Loader,138,160,11
1260,3,LO-938,Loader,139,168,0
1260,4,LO-461,Loader,154,157,11
1260,5,GE-369,Generator,130,172,0
1261,1,CR-106,Crane,93,103,14
1261,2,BU-780,Bulldozer,103,140,2
1261,3,CR-753,Crane,141,120,1
1261,4,CR-448,Crane,139,88,8
1261,5,EX-232,Excavator,146,123,7
1262,1,FO-429,Forklift,153,98,14
1262,2,FO-640,Forklift,94,162,0
1262,3,GE-657,Generator,117,131,3
1262,4,LO-243,Loader,153,116,17
1262,5,GE-475,Generator,102,97,2
1263,1,EX-392,Excavator,125,106,7
1263,2,LO-752,Loader,131,125,6
1263,3,GE-151,Generator,111,97,0
1263,4,CR-342,Crane,142,86,14
1263,5,FO-214,Forklift,116,110,14
1264,1,BU-890,Bulldozer,132,115,8
1264,2,FO-810,Forklift,113,130,13
1264,3,FO-490,Forklift,149,179,2
1264,4,EX-358,Excavator,146,148,7
1264,5,CR-754,Crane,107,113,9
1265,1,LO-373,Loader,153,87,17
1265,2,GE-901,Generator,140,81,9
1265,3,LO-304,Loader,158,74,5
1265,4,CR-126,Crane,153,138,16
1265,5,EX-995,Excavator,81,78,13
1266,1,EX-759,Excavator,82,95,12
1266,2,LO-220,Loader,110,149,17
1266,3,BU-582,Bulldozer,157,131,8
1266,4,BU-113,Bulldozer,82,138,18
1266,5,LO-454,Loader,139,89,11
1267,1,CR-467,Crane,147,100,5
1267,2,GE-661,Generator,94,84,19
1267,3,EX-470,Excavator,158,131,16
1267,4,FO-613,Forklift,96,81,8
1267,5,FO-984,Forklift,151,121,12
1268,1,EX-979,Excavator,138,117,12
1268,2,BU-495,Bulldozer,149,160,2
1268,3,GE-884,Generator,80,83,19
1268,4,LO-107,Loader,100,153,14
1268,5,FO-270,Forklift,155,143,14
1269,1,EX-206,Excavator,146,123,5
1269,2,CR-112,Crane,125,106,15
1269,3,GE-214,Generator,128,163,2
1269,4,BU-808,Bulldozer,123,71,3
1269,5,CR-776,Crane,113,109,17
1270,1,EX-590,Excavator,109,100,3
1270,2,CR-748,Crane,148,103,15
1270,3,LO-475,Loader,118,98,8
1270,4,BU-203,Bulldozer,80,179,0
1270,5,EX-526,Excavator,84,139,10
1271,1,GE-994,Generator,106,106,11
1271,2,LO-722,Loader,109,168,1
1271,3,BU-301,Bulldozer,144,73,19
1271,4,FO-595,Forklift,118,177,2
1271,5,BU-529,Bulldozer,156,150,19
1272,1,LO-607,Loader,122,175,13
1272,2,FO-747,Forklift,114,145,5
1272,3,BU-451,Bulldozer,91,122,4
1272,4,CR-228,Crane,146,150,15
1272,5,GE-420,Generator,149,91,1
1273,1,LO-231,Loader,96,145,15
1273,2,EX-859,Excavator,88,96,15
1273,3,GE-187,Generator,80,97,14
1273,4,BU-260,Bulldozer,91,90,0
1273,5,CR-283,Crane,144,175,6
1274,1,LO-641,Loader,137,117,9
1274,2,CR-858,Crane,91,98,10
1274,3,EX-374,Excavator,131,164,0
1274,4,BU-521,Bulldozer,142,162,15
1274,5,BU-643,Bulldozer,148,175,10
1275,1,GE-625,Generator,146,130,5
1275,2,CR-611,Crane,157,134,2
1275,3,BU-656,Bulldozer,133,127,14
1275,4,FO-501,Forklift,101,130,2
1275,5,GE-165,Generator,110,155,3
1276,1,GE-126,Generator,85,116,12
1276,2,CR-120,Crane,88,169,15
1276,3,LO-175,Loader,125,149,9
1276,4,GE-426,Generator,144,131,10
1276,5,CR-552,Crane,123,148,12
1277,1,BU-316,Bulldozer,125,163,7
1277,2,CR-351,Crane,111,101,13
1277,3,BU-950,Bulldozer,121,125,11
1277,4,BU-640,Bulldozer,97,113,15
1277,5,EX-921,Excavator,139,126,5
1278,1,FO-988,Forklift,122,85,13
1278,2,EX-188,Excavator,158,145,2
1278,3,GE-738,Generator,114,100,16
1278,4,EX-750,Excavator,152,179,11
1278,5,BU-550,Bulldozer,119,129,17
1279,1,GE-236,Generator,89,130,9
1279,2,CR-209,Crane,153,100,19
1279,3,CR-764,Crane,128,154,14
1279,4,GE-420,Generator,105,151,6
1279,5,CR-678,Crane,112,155,7
1280,1,CR-296,Crane,143,153,6
1280,2,FO-908,Forklift,135,82,13
1280,3,LO-486,Loader,125,136,3
1280,4,EX-149,Excavator,97,93,16
1280,5,EX-189,Excavator,81,159,0
1281,1,EX-700,Excavator,132,144,9
1281,2,CR-994,Crane,148,114,16
1281,3,FO-504,Forklift,157,101,4
1281,4,CR-829,Crane,93,110,9
1281,5,GE-482,Generator,153,141,11
1282,1,CR-774,Crane,85,95,10
1282,2,FO-775,Forklift,105,87,18
1282,3,LO-183,Loader,107,150,19
1282,4,GE-921,Generator,141,168,17
1282,5,EX-910,Excavator,113,115,2
1283,1,FO-739,Forklift,84,127,18
1283,2,EX-267,Excavator,103,84,7
1283,3,BU-176,Bulldozer,132,141,12
1283,4,BU-694,Bulldozer,125,89,2
1283,5,BU-533,Bulldozer,127,125,2
1284,1,GE-296,Generator,127,109,16
1284,2,LO-877,Loader,114,145,19
1284,3,GE-230,Generator,135,136,7
1284,4,FO-718,Forklift,139,85,2
1284,5,GE-717,Generator,84,141,9
1285,1,CR-667,Crane,134,106,3
1285,2,BU-639,Bulldozer,121,84,12
1285,3,GE-463,Generator,96,90,19
1285,4,GE-988,Generator,105,142,0
1285,5,BU-993,Bulldozer,114,132,17
1286,1,FO-483,Forklift,82,153,15
1286,2,BU-120,Bulldozer,125,114,12
1286,3,EX-113,Excavator,100,76,16
1286,4,FO-615,Forklift,114,76,1
1286,5,CR-567,Crane,136,174,17
1287,1,BU-999,Bulldozer,81,95,15
1287,2,FO-580,Forklift,136,100,4
1287,3,GE-282,Generator,127,88,19
1287,4,BU-354,Bulldozer,132,139,17
1287,5,EX-349,Excavator,82,102,11
1288,1,GE-237,Generator,157,154,5
1288,2,FO-219,Forklift,118,156,2
1288,3,FO-508,Forklift,124,136,1
1288,4,FO-219,Forklift,90,100,14
1288,5,BU-760,Bulldozer,91,113,13
1289,1,GE-547,Generator,149,86,11
1289,2,GE-160,Generator,108,122,1
1289,3,GE-829,Generator,133,112,10
1289,4,EX-171,Excavator,106,164,3
1289,5,BU-446,Bulldozer,141,96,12
1290,1,CR-880,Crane,94,117,18
1290,2,EX-321,Excavator,123,131,12
1290,3,BU-258,Bulldozer,84,121,15
1290,4,FO-492,Forklift,122,147,11
1290,5,EX-732,Excavator,152,78,11
1291,1,FO-450,Forklift,135,135,5
1291,2,CR-716,Crane,85,127,18
1291,3,EX-138,Excavator,120,140,18
1291,4,LO-708,Loader,103,137,12
1291,5,FO-571,Forklift,95,76,9
1292,1,GE-509,Generator,129,175,2
1292,2,LO-886,Loader,98,125,16
1292,3,BU-344,Bulldozer,143,113,15
1292,4,LO-111,Loader,109,104,11
1292,5,LO-880,Loader,92,71,12
1293,1,BU-195,Bulldozer,95,165,19
1293,2,FO-484,Forklift,83,166,3
1293,3,EX-849,Excavator,155,85,7
1293,4,EX-578,Excavator,158,123,14
1293,5,LO-533,Loader,112,154,13
1294,1,FO-296,Forklift,87,106,7
1294,2,BU-647,Bulldozer,121,82,17
1294,3,GE-260,Generator,143,173,7
1294,4,CR-127,Crane,117,153,6
1294,5,BU-838,Bulldozer,138,128,14
1295,1,BU-788,Bulldozer,159,73,7
1295,2,LO-722,Loader,139,119,13
1295,3,FO-691,Forklift,124,147,4
1295,4,CR-805,Crane,141,137,14
1295,5,LO-797,Loader,85,136,19
1296,1,CR-112,Crane,81,148,19
1296,2,CR-870,Crane,83,93,17
1296,3,FO-132,Forklift,159,146,15
1296,4,EX-195,Excavator,90,124,12
1296,5,EX-485,Excavator,124,84,12
1297,1,LO-451,Loader,90,133,10
1297,2,FO-330,Forklift,141,87,8
1297,3,BU-257,Bulldozer,154,95,4
1297,4,EX-445,Excavator,97,142,2
1297,5,GE-294,Generator,154,137,0
1298,1,BU-983,Bulldozer,133,148,3
1298,2,GE-249,Generator,116,121,9
1298,3,LO-966,Loader,158,72,19
1298,4,BU-436,Bulldozer,81,115,9
1298,5,BU-363,Bulldozer,99,75,8
1299,1,CR-327,Crane,118,158,10
1299,2,BU-528,Bulldozer,140,146,7
1299,3,BU-920,Bulldozer,147,103,3
1299,4,LO-955,Loader,111,121,9
1299,5,FO-891,Forklift,134,113,12
1300,1,GE-596,Generator,140,147,1
1300,2,GE-251,Generator,107,157,0
1300,3,LO-443,Loader,99,70,1
1300,4,EX-564,Excavator,123,82,13
1300,5,FO-100,Forklift,122,125,1
1301,1,GE-969,Generator,86,170,8
1301,2,CR-905,Crane,126,134,11
1301,3,CR-584,Crane,128,90,1
1301,4,BU-896,Bulldozer,155,162,10
1301,5,BU-930,Bulldozer,111,169,15
1302,1,FO-295,Forklift,104,176,7
1302,2,CR-152,Crane,92,154,12
1302,3,EX-317,Excavator,100,97,1
1302,4,GE-256,Generator,111,118,10
1302,5,FO-851,Forklift,84,144,12
1303,1,CR-659,Crane,130,106,4
1303,2,BU-281,Bulldozer,115,126,3
1303,3,EX-199,Excavator,125,103,12
1303,4,EX-856,Excavator,103,117,18
1303,5,EX-966,Excavator,87,177,9
1304,1,LO-828,Loader,113,122,18
1304,2,BU-899,Bulldozer,137,157,1
1304,3,EX-925,Excavator,122,73,4
1304,4,GE-525,Generator,143,109,12
1304,5,FO-290,Forklift,124,130,5
1305,1,BU-896,Bulldozer,116,80,14
1305,2,FO-173,Forklift,85,114,3
1305,3,CR-899,Crane,83,122,3
1305,4,GE-678,Generator,86,143,0
1305,5,EX-716,Excavator,112,137,18
1306,1,EX-623,Excavator,108,76,2
1306,2,EX-625,Excavator,120,165,19
1306,3,CR-537,Crane,115,112,3
1306,4,GE-869,Generator,123,96,13
1306,5,FO-537,Forklift,154,104,3
1307,1,BU-407,Bulldozer,88,125,18
1307,2,CR-495,Crane,95,75,10
1307,3,EX-686,Excavator,154,121,9
1307,4,FO-588,Forklift,159,130,10
1307,5,FO-629,Forklift,145,108,7
1308,1,BU-471,Bulldozer,94,137,6
1308,2,GE-241,Generator,146,124,9
1308,3,LO-542,Loader,117,85,5
1308,4,GE-643,Generator,84,72,11
1308,5,CR-154,Crane,120,103,2
1309,1,EX-247,Excavator,80,150,0
1309,2,GE-383,Generator,94,75,11
1309,3,GE-132,Generator,80,156,18
1309,4,FO-423,Forklift,144,104,17
1309,5,GE-648,Generator,128,105,8
1310,1,FO-856,Forklift,88,164,15
1310,2,BU-356,Bulldozer,155,103,16
1310,3,BU-331,Bulldozer,142,158,19
1310,4,EX-522,Excavator,103,142,8
1310,5,BU-603,Bulldozer,149,126,15
1311,1,CR-992,Crane,81,98,8
1311,2,EX-603,Excavator,89,119,1
1311,3,FO-366,Forklift,98,158,5
1311,4,BU-434,Bulldozer,118,162,12
1311,5,EX-343,Excavator,110,85,1
1312,1,GE-206,Generator,100,107,18
1312,2,GE-328,Generator,128,82,2
1312,3,FO-763,Forklift,81,154,9
1312,4,LO-663,Loader,80,81,6
1312,5,FO-820,Forklift,142,177,12
1313,1,EX-286,Excavator,100,96,2
1313,2,FO-490,Forklift,107,153,3
1313,3,FO-558,Forklift,96,138,9
1313,4,CR-276,Crane,111,106,16
1313,5,EX-736,Excavator,88,136,5
1314,1,LO-282,Loader,90,177,12
1314,2,FO-872,Forklift,115,137,19
1314,3,CR-178,Crane,90,132,8
1314,4,FO-258,Forklift,103,169,1
1314,5,GE-788,Generator,135,178,6
1315,1,LO-843,Loader,103,70,13
1315,2,CR-601,Crane,86,80,10
1315,3,CR-498,Crane,131,86,7
1315,4,BU-316,Bulldozer,151,83,1
1315,5,CR-140,Crane,138,150,13
1316,1,CR-854,Crane,128,146,0
1316,2,BU-231,Bulldozer,81,141,10
1316,3,GE-712,Generator,109,177,13
1316,4,LO-225,Loader,88,178,1
1316,5,FO-452,Forklift,147,156,4
1317,1,LO-823,Loader,89,113,7
1317,2,LO-512,Loader,102,138,4
1317,3,BU-373,Bulldozer,148,105,5
1317,4,LO-186,Loader,120,120,8
1317,5,FO-248,Forklift,124,160,2
1318,1,CR-499,Crane,137,138,18
1318,2,BU-715,Bulldozer,157,71,7
1318,3,EX-456,Excavator,133,92,14
1318,4,LO-410,Loader,104,138,4
1318,5,FO-672,Forklift,90,110,15
1319,1,BU-693,Bulldozer,142,107,10
1319,2,CR-364,Crane,107,81,15
1319,3,LO-281,Loader,102,139,10
1319,4,LO-716,Loader,112,140,8
1319,5,FO-409,Forklift,108,120,14
1320,1,GE-474,Generator,87,115,5
1320,2,EX-535,Excavator,102,144,14
1320,3,LO-421,Loader,111,80,1
1320,4,GE-832,Generator,155,95,7
1320,5,FO-813,Forklift,121,156,11
1321,1,FO-924,Forklift,100,99,8
1321,2,LO-445,Loader,149,101,2
1321,3,GE-732,Generator,80,93,17
1321,4,GE-522,Generator,116,100,13
1321,5,LO-421,Loader,156,117,7
1322,1,CR-343,Crane,97,140,2
1322,2,LO-890,Loader,121,101,16
1322,3,CR-730,Crane,125,113,7
1322,4,FO-963,Forklift,89,78,9
1322,5,FO-357,Forklift,151,88,2
1323,1,CR-860,Crane,111,120,7
1323,2,BU-938,Bulldozer,82,87,7
1323,3,LO-653,Loader,117,83,8
1323,4,CR-360,Crane,103,135,11
1323,5,GE-483,Generator,111,100,18
1324,1,BU-518,Bulldozer,127,88,6
1324,2,BU-752,Bulldozer,88,136,10
1324,3,BU-422,Bulldozer,115,79,10
1324,4,CR-343,Crane,88,118,19
1324,5,FO-405,Forklift,103,97,1
1325,1,FO-192,Forklift,129,172,17
1325,2,GE-128,Generator,147,167,18
1325,3,BU-696,Bulldozer,95,125,2
1325,4,FO-174,Forklift,102,122,18
1325,5,EX-129,Excavator,141,84,10
1326,1,GE-641,Generator,145,118,12
1326,2,GE-891,Generator,118,156,0
1326,3,GE-253,Generator,116,142,15
1326,4,LO-360,Loader,86,148,3
1326,5,BU-414,Bulldozer,151,161,15
1327,1,FO-748,Forklift,140,92,2
1327,2,BU-786,Bulldozer,149,97,9
1327,3,BU-537,Bulldozer,108,149,0
1327,4,EX-906,Excavator,85,163,19
1327,5,CR-691,Crane,141,89,17
1328,1,FO-587,Forklift,82,155,16
1328,2,GE-192,Generator,88,152,12
1328,3,FO-565,Forklift,86,124,5
1328,4,CR-720,Crane,82,76,7
1328,5,LO-263,Loader,94,171,0
1329,1,BU-443,Bulldozer,99,81,4
1329,2,FO-195,Forklift,143,125,19
1329,3,CR-455,Crane,102,144,0
1329,4,GE-626,Generator,121,80,14
1329,5,FO-245,Forklift,85,113,3
1330,1,EX-954,Excavator,98,134,17
1330,2,FO-578,Forklift,120,162,16
1330,3,EX-287,Excavator,133,147,2
1330,4,CR-803,Crane,135,117,11
1330,5,LO-701,Loader,133,114,17
1331,1,GE-454,Generator,103,81,12
1331,2,CR-776,Crane,131,111,16
1331,3,GE-979,Generator,145,162,3
1331,4,EX-648,Excavator,84,146,19
1331,5,CR-179,Crane,108,83,18
1332,1,LO-864,Loader,151,151,5
1332,2,EX-905,Excavator,125,103,18
1332,3,EX-590,Excavator,113,103,18
1332,4,BU-491,Bulldozer,148,96,4
1332,5,GE-664,Generator,114,153,4
1333,1,BU-175,Bulldozer,80,114,13
1333,2,LO-633,Loader,144,96,3
1333,3,EX-858,Excavator,109,78,19
1333,4,EX-675,Excavator,87,99,1
1333,5,BU-266,Bulldozer,120,162,4
1334,1,EX-941,Excavator,154,121,4
1334,2,LO-968,Loader,152,165,2
1334,3,FO-330,Forklift,158,139,7
1334,4,CR-249,Crane,129,152,12
1334,5,LO-226,Loader,88,172,18
1335,1,BU-157,Bulldozer,117,100,9
1335,2,BU-192,Bulldozer,106,170,7
1335,3,GE-555,Generator,135,160,19
1335,4,FO-854,Forklift,112,174,13
1335,5,LO-830,Loader,80,157,8
1336,1,BU-492,Bulldozer,87,153,19
1336,2,GE-103,Generator,98,178,5
1336,3,CR-530,Crane,110,95,1
1336,4,GE-570,Generator,151,108,15
1336,5,EX-961,Excavator,120,95,14
1337,1,LO-402,Loader,127,146,19
1337,2,BU-639,Bulldozer,147,157,0
1337,3,GE-249,Generator,80,110,18
1337,4,GE-232,Generator,122,79,12
1337,5,CR-984,Crane,159,135,3
1338,1,LO-414,Loader,151,108,8
1338,2,CR-269,Crane,99,139,10
1338,3,BU-774,Bulldozer,147,158,12
1338,4,LO-373,Loader,143,113,12
1338,5,FO-376,Forklift,90,72,11
1339,1,LO-595,Loader,80,122,5
1339,2,FO-310,Forklift,93,90,6
1339,3,FO-432,Forklift,106,77,8
1339,4,EX-684,Excavator,88,148,13
1339,5,EX-267,Excavator,135,98,19
1340,1,EX-498,Excavator,98,122,0
1340,2,CR-222,Crane,118,174,17
1340,3,CR-582,Crane,111,76,9
1340,4,BU-508,Bulldozer,104,152,3
1340,5,LO-491,Loader,120,150,0
1341,1,CR-140,Crane,115,179,13
1341,2,BU-812,Bulldozer,105,87,7
1341,3,LO-105,Loader,144,133,3
1341,4,LO-328,Loader,96,92,13
1341,5,EX-501,Excavator,121,168,5
1342,1,LO-923,Loader,102,101,14
1342,2,CR-204,Crane,126,74,2
1342,3,EX-456,Excavator,80,139,0
1342,4,LO-343,Loader,158,114,14
1342,5,FO-415,Forklift,157,87,0
1343,1,BU-834,Bulldozer,84,125,18
1343,2,BU-951,Bulldozer,86,80,19
1343,3,EX-719,Excavator,121,154,12
1343,4,EX-690,Excavator,122,102,0
1343,5,CR-980,Crane,128,126,14
1344,1,BU-272,Bulldozer,157,111,10
1344,2,FO-446,Forklift,94,103,13
1344,3,LO-750,Loader,147,156,6
1344,4,LO-777,Loader,88,86,8
1344,5,GE-955,Generator,102,148,13
1345,1,EX-848,Excavator,91,110,1
1345,2,EX-577,Excavator,153,119,13
1345,3,FO-158,Forklift,123,122,8
1345,4,EX-621,Excavator,131,169,9
1345,5,CR-103,Crane,132,70,6
1346,1,CR-709,Crane,139,163,19
1346,2,CR-377,Crane,147,95,15
1346,3,FO-428,Forklift,105,108,16
1346,4,FO-387,Forklift,117,90,18
1346,5,FO-822,Forklift,151,116,15
1347,1,GE-775,Generator,124,104,12
1347,2,CR-508,Crane,158,90,8
1347,3,EX-695,Excavator,127,98,1
1347,4,GE-432,Generator,111,122,15
1347,5,EX-936,Excavator,100,97,7
1348,1,EX-579,Excavator,98,99,12
1348,2,BU-527,Bulldozer,125,157,14
1348,3,BU-367,Bulldozer,127,164,12
1348,4,FO-969,Forklift,148,132,3
1348,5,BU-725,Bulldozer,152,110,8
1349,1,LO-533,Loader,113,176,6
1349,2,GE-662,Generator,140,153,2
1349,3,EX-965,Excavator,135,123,17
1349,4,EX-478,Excavator,116,102,17
1349,5,CR-301,Crane,117,163,8
1350,1,FO-554,Forklift,116,152,13
1350,2,EX-491,Excavator,156,167,12
1350,3,LO-762,Loader,128,158,4
1350,4,LO-211,Loader,107,160,19
1350,5,LO-907,Loader,134,179,9
1351,1,LO-631,Loader,81,77,14
1351,2,EX-220,Excavator,108,83,10
1351,3,GE-526,Generator,88,93,6
1351,4,FO-107,Forklift,134,92,10
1351,5,CR-776,Crane,114,109,5
1352,1,BU-567,Bulldozer,144,126,14
1352,2,LO-166,Loader,141,105,6
1352,3,GE-116,Generator,151,101,8
1352,4,GE-525,Generator,103,113,16
1352,5,BU-301,Bulldozer,87,84,0
1353,1,GE-659,Generator,125,159,15
1353,2,LO-632,Loader,87,119,6
1353,3,BU-118,Bulldozer,138,105,3
1353,4,LO-298,Loader,108,92,12
1353,5,BU-257,Bulldozer,122,179,14
1354,1,BU-391,Bulldozer,92,78,7
1354,2,CR-824,Crane,106,140,17
1354,3,GE-803,Generator,84,141,11
1354,4,GE-100,Generator,96,136,8
1354,5,GE-505,Generator,121,146,0
1355,1,BU-927,Bulldozer,98,141,4
1355,2,FO-528,Forklift,154,167,11
1355,3,BU-178,Bulldozer,154,96,1
1355,4,BU-942,Bulldozer,92,74,11
1355,5,EX-663,Excavator,127,147,3
1356,1,FO-185,Forklift,133,131,6
1356,2,BU-684,Bulldozer,81,113,11
1356,3,LO-520,Loader,109,96,0
1356,4,EX-553,Excavator,148,119,4
1356,5,LO-567,Loader,101,85,19
1357,1,BU-955,Bulldozer,84,97,8
1357,2,EX-371,Excavator,113,134,15
1357,3,LO-941,Loader,119,105,12
1357,4,GE-470,Generator,104,140,11
1357,5,LO-192,Loader,144,120,16
1358,1,GE-387,Generator,152,140,12
1358,2,FO-878,Forklift,149,114,5
1358,3,LO-193,Loader,148,128,11
1358,4,LO-567,Loader,131,125,5
1358,5,FO-498,Forklift,97,148,15
1359,1,CR-972,Crane,138,126,11
1359,2,GE-672,Generator,87,113,4
1359,3,FO-898,Forklift,133,120,7
1359,4,GE-862,Generator,93,167,8
1359,5,CR-973,Crane,84,132,6
1360,1,EX-465,Excavator,157,70,5
1360,2,CR-646,Crane,140,75,19
1360,3,GE-806,Generator,103,97,18
1360,4,LO-900,Loader,153,123,19
1360,5,EX-915,Excavator,86,123,18
1361,1,CR-170,Crane,128,80,14
1361,2,LO-640,Loader,141,93,17
1361,3,LO-413,Loader,149,161,9
1361,4,CR-853,Crane,107,136,16
1361,5,LO-325,Loader,106,172,6
1362,1,CR-311,Crane,126,169,15
1362,2,GE-770,Generator,84,89,16
1362,3,FO-740,Forklift,80,88,18
1362,4,GE-481,Generator,103,137,2
1362,5,EX-509,Excavator,89,176,12
1363,1,BU-540,Bulldozer,105,126,1
1363,2,FO-306,Forklift,90,112,10
1363,3,GE-568,Generator,116,150,19
1363,4,CR-485,Crane,145,85,10
1363,5,BU-865,Bulldozer,115,156,18
1364,1,FO-710,Forklift,95,147,17
1364,2,FO-235,Forklift,105,156,2
1364,3,GE-334,Generator,141,179,7
1364,4,FO-962,Forklift,112,163,0
1364,5,FO-405,Forklift,123,100,7
1365,1,CR-766,Crane,113,128,0
1365,2,GE-143,Generator,81,140,2
1365,3,FO-227,Forklift,86,88,18
1365,4,GE-303,Generator,159,73,5
1365,5,LO-918,Loader,150,81,17
1366,1,LO-525,Loader,87,168,1
1366,2,CR-763,Crane,136,162,4
1366,3,FO-984,Forklift,83,102,12
1366,4,FO-470,Forklift,89,160,18
1366,5,GE-983,Generator,131,80,10
1367,1,CR-676,Crane,148,172,19
1367,2,BU-944,Bulldozer,143,143,3
1367,3,LO-618,Loader,112,176,7
1367,4,EX-265,Excavator,138,147,13
1367,5,LO-877,Loader,91,83,13
1368,1,GE-731,Generator,83,108,14
1368,2,FO-797,Forklift,109,171,12
1368,3,EX-709,Excavator,99,81,11
1368,4,EX-979,Excavator,112,74,13
1368,5,CR-166,Crane,139,71,12
1369,1,BU-757,Bulldozer,155,92,6
1369,2,FO-540,Forklift,98,76,15
1369,3,BU-575,Bulldozer,148,139,9
1369,4,GE-822,Generator,107,176,5
1369,5,BU-601,Bulldozer,139,84,8
1370,1,FO-496,Forklift,116,165,17
1370,2,FO-906,Forklift,98,166,4
1370,3,FO-888,Forklift,95,110,3
1370,4,CR-555,Crane,126,127,0
1370,5,FO-926,Forklift,124,131,1
1371,1,EX-235,Excavator,140,135,0
1371,2,LO-835,Loader,139,135,15
1371,3,LO-621,Loader,116,122,17
1371,4,BU-752,Bulldozer,124,104,15
1371,5,BU-801,Bulldozer,136,153,4
1372,1,BU-812,Bulldozer,86,85,12
1372,2,EX-177,Excavator,105,81,17
1372,3,LO-147,Loader,102,117,13
1372,4,LO-614,Loader,147,85,5
1372,5,EX-983,Excavator,81,160,7
1373,1,CR-170,Crane,99,96,2
1373,2,FO-160,Forklift,110,72,12
1373,3,GE-179,Generator,84,177,6
1373,4,LO-664,Loader,115,75,12
1373,5,FO-288,Forklift,100,158,8
1374,1,EX-202,Excavator,120,121,6
1374,2,CR-506,Crane,134,121,10
1374,3,EX-246,Excavator,130,103,8
1374,4,EX-498,Excavator,103,146,10
1374,5,FO-810,Forklift,87,104,13
1375,1,EX-483,Excavator,130,148,10
1375,2,LO-199,Loader,126,76,2
1375,3,LO-212,Loader,121,175,15
1375,4,BU-477,Bulldozer,149,122,16
1375,5,BU-161,Bulldozer,86,121,18
1376,1,CR-105,Crane,114,130,12
1376,2,CR-671,Crane,118,71,3
1376,3,EX-822,Excavator,118,75,19
1376,4,GE-435,Generator,125,98,2
1376,5,GE-566,Generator,124,128,8
1377,1,BU-349,Bulldozer,135,168,13
1377,2,FO-468,Forklift,121,114,2
1377,3,GE-823,Generator,115,83,17
1377,4,FO-792,Forklift,144,77,18
1377,5,CR-265,Crane,129,113,11
1378,1,GE-838,Generator,115,115,5
1378,2,FO-362,Forklift,119,120,6
1378,3,LO-266,Loader,81,168,11
1378,4,FO-430,Forklift,153,83,14
1378,5,LO-355,Loader,128,110,4
1379,1,LO-204,Loader,103,126,10
1379,2,LO-386,Loader,135,168,17
1379,3,FO-678,Forklift,137,90,8
1379,4,BU-939,Bulldozer,146,139,10
1379,5,CR-856,Crane,135,147,18
1380,1,FO-836,Forklift,154,119,6
1380,2,GE-777,Generator,99,132,10
1380,3,LO-655,Loader,110,82,14
1380,4,CR-664,Crane,97,157,2
1380,5,LO-335,Loader,133,159,5
1381,1,GE-572,Generator,109,109,12
1381,2,GE-590,Generator,150,110,1
1381,3,EX-920,Excavator,118,132,14
1381,4,FO-345,Forklift,125,130,17
1381,5,LO-750,Loader,159,78,15
1382,1,FO-643,Forklift,83,169,18
1382,2,CR-995,Crane,109,111,6
1382,3,LO-205,Loader,115,135,1
1382,4,BU-517,Bulldozer,85,103,15
1382,5,EX-518,Excavator,150,173,10
1383,1,EX-468,Excavator,136,139,18
1383,2,FO-227,Forklift,98,79,4
1383,3,GE-829,Generator,109,73,17
1383,4,EX-688,Excavator,113,138,15
1383,5,GE-229,Generator,81,75,9
1384,1,GE-240,Generator,142,154,15
1384,2,FO-206,Forklift,85,111,14
1384,3,BU-518,Bulldozer,80,94,19
1384,4,GE-727,Generator,157,145,6
1384,5,FO-781,Forklift,133,92,18
1385,1,CR-393,Crane,134,113,3
1385,2,CR-721,Crane,140,147,16
1385,3,GE-541,Generator,82,178,17
1385,4,GE-502,Generator,81,126,2
1385,5,GE-259,Generator,156,99,10
1386,1,GE-281,Generator,104,102,11
1386,2,BU-958,Bulldozer,154,77,3
1386,3,CR-509,Crane,142,152,0
1386,4,EX-764,Excavator,109,104,3
1386,5,BU-167,Bulldozer,129,143,7
1387,1,EX-136,Excavator,105,73,15
1387,2,BU-215,Bulldozer,144,145,9
1387,3,FO-756,Forklift,155,172,0
1387,4,FO-469,Forklift,80,86,14
1387,5,LO-333,Loader,97,159,17
1388,1,CR-161,Crane,118,119,4
1388,2,BU-881,Bulldozer,118,85,4
1388,3,EX-499,Excavator,153,176,12
1388,4,EX-222,Excavator,106,178,2
1388,5,CR-305,Crane,145,140,0
1389,1,LO-614,Loader,153,127,14
1389,2,EX-297,Excavator,89,142,16
1389,3,CR-645,Crane,139,121,9
1389,4,EX-200,Excavator,85,148,8
1389,5,GE-788,Generator,141,89,18
1390,1,LO-677,Loader,157,117,0
1390,2,GE-452,Generator,135,70,1
1390,3,GE-617,Generator,155,91,9
1390,4,LO-595,Loader,103,97,3
1390,5,FO-985,Forklift,143,99,17
1391,1,BU-786,Bulldozer,111,144,18
1391,2,BU-320,Bulldozer,123,110,2
1391,3,CR-449,Crane,136,146,5
1391,4,FO-217,Forklift,148,92,0
1391,5,CR-942,Crane,85,168,0
1392,1,EX-892,Excavator,132,131,10
1392,2,FO-395,Forklift,137,119,14
1392,3,CR-958,Crane,142,76,14
1392,4,EX-405,Excavator,149,87,15
1392,5,CR-986,Crane,113,150,17
1393,1,BU-396,Bulldozer,152,94,2
1393,2,BU-580,Bulldozer,98,129,11
1393,3,FO-380,Forklift,88,86,15
1393,4,EX-289,Excavator,118,148,16
1393,5,LO-507,Loader,95,81,6
1394,1,CR-371,Crane,137,83,17
1394,2,BU-911,Bulldozer,133,136,8
1394,3,FO-219,Forklift,142,137,14
1394,4,FO-496,Forklift,110,128,16
1394,5,BU-169,Bulldozer,118,106,0
1395,1,EX-567,Excavator,149,99,4
1395,2,GE-573,Generator,133,174,9
1395,3,GE-809,Generator,157,89,19
1395,4,LO-413,Loader,130,71,0
1395,5,FO-531,Forklift,141,172,15
1396,1,EX-228,Excavator,129,142,8
1396,2,FO-741,Forklift,152,139,19
1396,3,LO-929,Loader,96,102,19
1396,4,FO-939,Forklift,155,95,5
1396,5,FO-251,Forklift,131,119,4
1397,1,CR-196,Crane,110,108,14
1397,2,BU-338,Bulldozer,102,171,3
1397,3,EX-626,Excavator,134,168,12
1397,4,GE-759,Generator,102,161,17
1397,5,LO-491,Loader,89,136,14
1398,1,CR-354,Crane,90,110,5
1398,2,EX-571,Excavator,131,152,6
1398,3,LO-182,Loader,106,173,14
1398,4,CR-467,Crane,150,109,2
1398,5,EX-980,Excavator,122,175,7
1399,1,LO-183,Loader,154,121,18
1399,2,LO-146,Loader,81,117,16
1399,3,FO-462,Forklift,130,151,14
1399,4,LO-459,Loader,132,108,14
1399,5,CR-565,Crane,124,145,11
1400,1,GE-936,Generator,102,127,4
1400,2,LO-739,Loader,158,80,14
1400,3,FO-948,Forklift,151,106,10
1400,4,FO-710,Forklift,100,73,3
1400,5,GE-188,Generator,81,127,13
1401,1,FO-236,Forklift,141,123,1
1401,2,EX-105,Excavator,119,89,11
1401,3,CR-656,Crane,111,120,8
1401,4,EX-698,Excavator,127,78,8
1401,5,CR-892,Crane,81,103,13
1402,1,CR-107,Crane,137,97,11
1402,2,BU-858,Bulldozer,106,133,9
1402,3,EX-930,Excavator,112,80,11
1402,4,EX-212,Excavator,88,92,0
1402,5,BU-586,Bulldozer,129,105,18
1403,1,GE-966,Generator,81,128,5
1403,2,BU-738,Bulldozer,85,79,0
1403,3,LO-323,Loader,84,88,18
1403,4,BU-924,Bulldozer,116,125,18
1403,5,FO-598,Forklift,86,87,17
1404,1,EX-532,Excavator,140,88,3
1404,2,BU-794,Bulldozer,115,117,7
1404,3,LO-818,Loader,117,109,15
1404,4,FO-341,Forklift,116,127,6
1404,5,GE-259,Generator,147,103,5
1405,1,BU-389,Bulldozer,144,164,11
1405,2,EX-384,Excavator,112,112,19
1405,3,CR-554,Crane,137,131,11
1405,4,LO-355,Loader,94,163,8
1405,5,FO-904,Forklift,120,103,6
1406,1,EX-655,Excavator,136,136,12
1406,2,EX-938,Excavator,130,125,15
1406,3,EX-528,Excavator,132,158,17
1406,4,EX-562,Excavator,130,136,3
1406,5,CR-537,Crane,101,72,11
1407,1,LO-731,Loader,81,71,3
1407,2,EX-353,Excavator,111,131,9
1407,3,BU-393,Bulldozer,110,163,7
1407,4,CR-230,Crane,118,143,17
1407,5,LO-520,Loader,85,81,7
1408,1,EX-523,Excavator,145,155,1
1408,2,EX-469,Excavator,154,112,17
1408,3,GE-263,Generator,122,171,2
1408,4,GE-939,Generator,124,122,7
1408,5,FO-122,Forklift,84,119,14
1409,1,GE-580,Generator,138,82,7
1409,2,GE-242,Generator,127,76,10
1409,3,LO-688,Loader,109,145,12
1409,4,CR-589,Crane,118,83,14
1409,5,CR-941,Crane,134,85,18
1410,1,FO-291,Forklift,115,122,19
1410,2,BU-581,Bulldozer,129,87,16
1410,3,GE-877,Generator,121,177,19
1410,4,EX-480,Excavator,156,70,9
1410,5,GE-944,Generator,86,123,6
1411,1,CR-686,Crane,121,112,11
1411,2,CR-210,Crane,141,167,0
1411,3,LO-345,Loader,97,100,9
1411,4,BU-390,Bulldozer,124,174,11
1411,5,EX-362,Excavator,109,171,5
1412,1,EX-439,Excavator,84,166,11
1412,2,FO-329,Forklift,157,130,6
1412,3,CR-227,Crane,138,94,10
1412,4,FO-749,Forklift,101,124,15
1412,5,LO-264,Loader,144,167,16
1413,1,BU-547,Bulldozer,120,156,16
1413,2,BU-561,Bulldozer,95,80,4
1413,3,BU-672,Bulldozer,90,77,15
1413,4,FO-804,Forklift,156,109,4
1413,5,LO-829,Loader,90,121,14
1414,1,EX-273,Excavator,124,81,8
1414,2,CR-392,Crane,83,88,11
1414,3,LO-408,Loader,96,114,16
1414,4,BU-898,Bulldozer,123,141,14
1414,5,GE-395,Generator,99,82,18
1415,1,GE-727,Generator,139,93,8
1415,2,EX-184,Excavator,101,102,3
1415,3,LO-827,Loader,137,81,9
1415,4,CR-864,Crane,96,130,6
1415,5,EX-420,Excavator,119,134,15
1416,1,EX-338,Excavator,117,99,1
1416,2,BU-824,Bulldozer,157,154,19
1416,3,CR-391,Crane,157,127,16
1416,4,FO-577,Forklift,85,148,15
1416,5,GE-795,Generator,156,140,5
1417,1,FO-514,Forklift,89,75,18
1417,2,EX-897,Excavator,96,75,15
1417,3,BU-939,Bulldozer,111,90,19
1417,4,CR-409,Crane,142,105,4
1417,5,BU-183,Bulldozer,135,78,0
1418,1,LO-753,Loader,85,123,12
1418,2,FO-780,Forklift,138,149,0
1418,3,CR-703,Crane,112,81,4
1418,4,CR-207,Crane,150,89,10
1418,5,EX-470,Excavator,103,179,2
1419,1,BU-483,Bulldozer,145,95,14
1419,2,FO-710,Forklift,93,88,19
1419,3,LO-361,Loader,152,151,4
1419,4,CR-467,Crane,142,85,0
1419,5,EX-666,Excavator,112,70,19
1420,1,CR-454,Crane,80,168,0
1420,2,EX-803,Excavator,144,134,15
1420,3,LO-119,Loader,109,100,3
1420,4,LO-204,Loader,125,154,15
1420,5,GE-706,Generator,139,104,18
1421,1,EX-200,Excavator,92,86,14
1421,2,FO-788,Forklift,137,139,15
1421,3,LO-385,Loader,91,141,11
1421,4,FO-497,Forklift,81,166,12
1421,5,GE-873,Generator,130,144,14
1422,1,BU-575,Bulldozer,108,148,12
1422,2,LO-248,Loader,87,143,19
1422,3,FO-996,Forklift,137,122,7
1422,4,BU-544,Bulldozer,82,177,14
1422,5,GE-358,Generator,99,89,9
1423,1,FO-924,Forklift,120,132,17
1423,2,FO-874,Forklift,106,109,10
1423,3,GE-813,Generator,133,95,14
1423,4,FO-532,Forklift,92,133,17
1423,5,LO-342,Loader,144,144,19
1424,1,BU-640,Bulldozer,106,97,12
1424,2,CR-284,Crane,80,125,4
1424,3,EX-359,Excavator,141,73,3
1424,4,EX-490,Excavator,123,134,9
1424,5,CR-433,Crane,93,155,2
1425,1,BU-492,Bulldozer,116,145,9
1425,2,GE-487,Generator,108,71,16
1425,3,GE-236,Generator,105,94,6
1425,4,LO-764,Loader,91,147,13
1425,5,EX-736,Excavator,115,110,16
1426,1,BU-987,Bulldozer,83,95,11
1426,2,CR-507,Crane,81,154,16
1426,3,GE-831,Generator,123,138,1
1426,4,GE-740,Generator,85,138,17
1426,5,LO-536,Loader,147,97,2
1427,1,LO-334,Loader,147,138,8
1427,2,BU-839,Bulldozer,115,73,19
1427,3,EX-881,Excavator,93,150,15
1427,4,BU-134,Bulldozer,136,176,6
1427,5,EX-527,Excavator,89,90,13
1428,1,CR-985,Crane,115,101,7
1428,2,CR-623,Crane,100,116,5
1428,3,LO-774,Loader,89,73,3
1428,4,FO-407,Forklift,112,124,9
1428,5,LO-803,Loader,134,174,19
1429,1,BU-782,Bulldozer,116,152,0
1429,2,CR-216,Crane,94,141,5
1429,3,BU-463,Bulldozer,119,123,0
1429,4,CR-672,Crane,130,136,1
1429,5,EX-136,Excavator,133,82,14
1430,1,GE-798,Generator,96,152,0
1430,2,LO-517,Loader,90,161,15
1430,3,EX-212,Excavator,113,101,3
1430,4,EX-177,Excavator,110,100,17
1430,5,GE-320,Generator,137,179,5
1431,1,CR-988,Crane,119,172,19
1431,2,CR-228,Crane,84,158,14
1431,3,LO-754,Loader,107,169,5
1431,4,FO-898,Forklift,118,131,8
1431,5,LO-698,Loader,98,171,2
1432,1,FO-776,Forklift,114,134,12
1432,2,GE-683,Generator,87,167,2
1432,3,LO-401,Loader,131,81,17
1432,4,FO-794,Forklift,89,70,13
1432,5,LO-754,Loader,88,152,12
1433,1,BU-315,Bulldozer,100,125,9
1433,2,FO-907,Forklift,88,161,18
1433,3,EX-319,Excavator,148,93,0
1433,4,CR-862,Crane,99,145,14
1433,5,LO-946,Loader,128,110,10
1434,1,BU-604,Bulldozer,121,119,6
1434,2,EX-235,Excavator,124,79,15
1434,3,LO-874,Loader,123,147,9
1434,4,FO-460,Forklift,94,178,8
1434,5,CR-281,Crane,126,96,15
1435,1,LO-105,Loader,146,98,8
1435,2,CR-423,Crane,97,94,15
1435,3,EX-569,Excavator,91,112,4
1435,4,CR-794,Crane,80,122,8
1435,5,FO-405,Forklift,154,145,11
1436,1,BU-940,Bulldozer,95,169,17
1436,2,EX-212,Excavator,106,158,10
1436,3,EX-934,Excavator,124,129,15
1436,4,EX-791,Excavator,97,128,3
1436,5,GE-706,Generator,159,97,2
1437,1,GE-559,Generator,102,162,2
1437,2,CR-507,Crane,134,101,8
1437,3,LO-971,Loader,139,164,4
1437,4,LO-814,Loader,121,135,6
1437,5,BU-797,Bulldozer,112,95,11
1438,1,LO-118,Loader,139,113,17
1438,2,BU-183,Bulldozer,158,82,16
1438,3,BU-865,Bulldozer,154,172,18
1438,4,CR-566,Crane,158,176,15
1438,5,FO-608,Forklift,143,142,14
1439,1,GE-846,Generator,87,169,19
1439,2,LO-386,Loader,141,156,2
1439,3,FO-848,Forklift,123,168,9
1439,4,GE-671,Generator,134,134,6
1439,5,FO-306,Forklift,110,166,7
1440,1,CR-783,Crane,153,108,3
1440,2,CR-433,Crane,139,137,5
1440,3,BU-932,Bulldozer,133,91,10
1440,4,FO-625,Forklift,152,124,4
1440,5,LO-144,Loader,100,132,6
1441,1,FO-365,Forklift,110,130,10
1441,2,BU-388,Bulldozer,125,151,6
1441,3,LO-323,Loader,118,155,19
1441,4,EX-551,Excavator,119,174,6
1441,5,BU-617,Bulldozer,112,168,7
1442,1,LO-191,Loader,116,146,11
1442,2,LO-399,Loader,156,94,11
1442,3,CR-472,Crane,93,179,13
1442,4,GE-767,Generator,108,140,17
1442,5,GE-187,Generator,108,101,18
1443,1,LO-354,Loader,123,163,14
1443,2,EX-455,Excavator,89,73,9
1443,3,BU-366,Bulldozer,96,137,9
1443,4,GE-415,Generator,88,108,19
1443,5,CR-730,Crane,137,83,2
1444,1,EX-523,Excavator,82,154,7
1444,2,LO-293,Loader,156,178,5
1444,3,EX-205,Excavator,92,128,1
1444,4,BU-530,Bulldozer,110,95,14
1444,5,GE-288,Generator,136,131,13
1445,1,LO-738,Loader,128,80,0
1445,2,FO-239,Forklift,118,89,7
1445,3,EX-935,Excavator,153,143,2
1445,4,GE-498,Generator,112,86,5
1445,5,EX-142,Excavator,91,157,4
1446,1,CR-835,Crane,83,74,11
1446,2,GE-402,Generator,152,105,9
1446,3,LO-608,Loader,112,166,6
1446,4,GE-420,Generator,112,170,18
1446,5,EX-638,Excavator,91,83,2
1447,1,BU-427,Bulldozer,157,166,5
1447,2,FO-351,Forklift,91,89,7
1447,3,GE-376,Generator,89,124,8
1447,4,GE-439,Generator,104,177,5
1447,5,BU-947,Bulldozer,133,162,6
1448,1,EX-213,Excavator,112,162,1
1448,2,CR-119,Crane,89,177,2
1448,3,LO-342,Loader,106,150,2
1448,4,CR-164,Crane,137,99,9
1448,5,BU-498,Bulldozer,158,91,6
1449,1,EX-880,Excavator,154,132,8
1449,2,CR-219,Crane,102,161,6
1449,3,GE-830,Generator,101,148,6
1449,4,LO-773,Loader,141,155,12
1449,5,LO-894,Loader,159,175,9
1450,1,LO-864,Loader,143,76,1
1450,2,FO-180,Forklift,130,142,13
1450,3,GE-693,Generator,129,103,11
1450,4,LO-915,Loader,98,166,8
1450,5,GE-414,Generator,90,121,15
1451,1,FO-914,Forklift,155,89,3
1451,2,BU-194,Bulldozer,97,102,18
1451,3,CR-895,Crane,150,153,13
1451,4,EX-843,Excavator,90,109,5
1451,5,EX-790,Excavator,80,82,14
1452,1,CR-813,Crane,151,171,13
1452,2,LO-589,Loader,133,77,4
1452,3,FO-224,Forklift,125,155,4
1452,4,FO-849,Forklift,101,176,16
1452,5,LO-219,Loader,104,83,19
1453,1,EX-687,Excavator,123,136,11
1453,2,FO-355,Forklift,138,135,12
1453,3,BU-508,Bulldozer,117,83,5
1453,4,LO-111,Loader,150,95,10
1453,5,FO-509,Forklift,90,166,13
1454,1,FO-521,Forklift,144,177,2
1454,2,GE-338,Generator,116,136,10
1454,3,CR-372,Crane,120,76,19
1454,4,FO-211,Forklift,94,176,18
1454,5,GE-678,Generator,83,116,19
1455,1,FO-703,Forklift,83,92,15
1455,2,LO-399,Loader,137,168,16
1455,3,BU-218,Bulldozer,124,121,4
1455,4,EX-215,Excavator,158,82,14
1455,5,EX-434,Excavator,156,114,16
1456,1,LO-792,Loader,116,135,2
1456,2,LO-401,Loader,92,122,14
1456,3,GE-271,Generator,88,103,3
1456,4,EX-583,Excavator,98,133,17
1456,5,FO-434,Forklift,85,101,1
1457,1,EX-965,Excavator,149,100,5
1457,2,CR-146,Crane,116,151,19
1457,3,GE-482,Generator,136,97,4
1457,4,LO-934,Loader,135,155,11
1457,5,BU-190,Bulldozer,136,140,5
1458,1,CR-353,Crane,110,133,13
1458,2,EX-306,Excavator,87,159,5
1458,3,BU-556,Bulldozer,119,93,3
1458,4,FO-618,Forklift,149,154,9
1458,5,GE-965,Generator,135,108,12
1459,1,GE-569,Generator,114,93,2
1459,2,EX-964,Excavator,88,82,1
1459,3,GE-319,Generator,158,112,18
1459,4,GE-610,Generator,100,159,10
1459,5,CR-164,Crane,138,126,9
1460,1,FO-878,Forklift,130,114,4
1460,2,EX-177,Excavator,106,172,5
1460,3,GE-342,Generator,130,122,14
1460,4,LO-823,Loader,140,166,19
1460,5,GE-738,Generator,141,121,10
1461,1,FO-472,Forklift,158,81,16
1461,2,CR-902,Crane,93,165,12
1461,3,BU-773,Bulldozer,113,130,19
1461,4,GE-910,Generator,137,116,13
1461,5,BU-998,Bulldozer,149,87,16
1462,1,BU-505,Bulldozer,101,139,5
1462,2,EX-296,Excavator,86,171,6
1462,3,BU-638,Bulldozer,137,120,2
1462,4,BU-616,Bulldozer,132,113,12
1462,5,BU-383,Bulldozer,113,118,6
1463,1,EX-856,Excavator,83,155,4
1463,2,CR-209,Crane,145,118,18
1463,3,GE-768,Generator,124,111,10
1463,4,BU-949,Bulldozer,122,126,6
1463,5,GE-737,Generator,122,90,8
1464,1,LO-120,Loader,130,120,8
1464,2,FO-428,Forklift,133,121,0
1464,3,BU-551,Bulldozer,154,78,12
1464,4,FO-201,Forklift,100,94,15
1464,5,CR-116,Crane,146,107,6
1465,1,BU-713,Bulldozer,112,170,9
1465,2,GE-537,Generator,129,84,12
1465,3,CR-819,Crane,87,164,0
1465,4,FO-390,Forklift,119,131,6
1465,5,LO-983,Loader,97,171,8
1466,1,GE-977,Generator,113,74,8
1466,2,GE-688,Generator,90,94,3
1466,3,FO-587,Forklift,119,83,11
1466,4,FO-898,Forklift,118,124,12
1466,5,GE-961,Generator,100,160,9
1467,1,FO-869,Forklift,86,163,11
1467,2,FO-333,Forklift,97,139,9
1467,3,GE-512,Generator,145,133,10
1467,4,EX-345,Excavator,118,93,13
1467,5,CR-930,Crane,120,83,9
1468,1,LO-586,Loader,107,179,6
1468,2,LO-562,Loader,90,154,7
1468,3,CR-393,Crane,127,88,2
1468,4,EX-283,Excavator,150,148,9
1468,5,CR-735,Crane,132,136,17
1469,1,EX-192,Excavator,110,144,2
1469,2,EX-325,Excavator,85,110,17
1469,3,GE-282,Generator,130,82,9
1469,4,BU-342,Bulldozer,125,115,19
1469,5,GE-801,Generator,97,127,10
1470,1,BU-597,Bulldozer,92,100,9
1470,2,BU-700,Bulldozer,84,91,11
1470,3,EX-373,Excavator,92,129,15
1470,4,EX-725,Excavator,105,95,15
1470,5,LO-169,Loader,131,115,11
1471,1,LO-291,Loader,102,106,5
1471,2,LO-186,Loader,130,159,12
1471,3,GE-834,Generator,101,103,15
1471,4,LO-618,Loader,123,135,14
1471,5,EX-606,Excavator,100,126,2
1472,1,BU-617,Bulldozer,80,140,0
1472,2,EX-998,Excavator,110,141,3
1472,3,GE-342,Generator,107,97,19
1472,4,GE-187,Generator,148,97,13
1472,5,BU-637,Bulldozer,158,136,5
1473,1,CR-853,Crane,150,74,10
1473,2,CR-430,Crane,84,119,2
1473,3,EX-872,Excavator,156,132,4
1473,4,LO-191,Loader,128,157,10
1473,5,EX-313,Excavator,157,83,5
1474,1,BU-539,Bulldozer,118,88,2
1474,2,BU-316,Bulldozer,109,92,6
1474,3,BU-511,Bulldozer,139,115,1
1474,4,BU-683,Bulldozer,157,123,5
1474,5,BU-368,Bulldozer,108,86,14
1475,1,EX-364,Excavator,111,172,1
1475,2,LO-144,Loader,112,74,19
1475,3,BU-274,Bulldozer,139,125,14
1475,4,GE-357,Generator,115,126,17
1475,5,CR-507,Crane,130,103,4
1476,1,GE-902,Generator,152,109,14
1476,2,CR-542,Crane,101,167,1
1476,3,LO-958,Loader,117,112,18
1476,4,GE-967,Generator,145,164,4
1476,5,LO-815,Loader,121,177,13
1477,1,EX-435,Excavator,80,112,3
1477,2,CR-279,Crane,100,96,14
1477,3,EX-905,Excavator,150,159,14
1477,4,LO-480,Loader,115,115,8
1477,5,LO-241,Loader,127,146,14
1478,1,FO-411,Forklift,91,146,1
1478,2,LO-622,Loader,116,135,15
1478,3,LO-240,Loader,153,110,11
1478,4,GE-153,Generator,130,118,16
1478,5,BU-528,Bulldozer,132,158,13
1479,1,EX-206,Excavator,119,111,13
1479,2,BU-230,Bulldozer,82,80,17
1479,3,FO-588,Forklift,81,174,3
1479,4,GE-900,Generator,105,97,7
1479,5,EX-518,Excavator,83,119,6
1480,1,FO-351,Forklift,84,179,18
1480,2,BU-410,Bulldozer,133,107,1
1480,3,LO-233,Loader,153,106,7
1480,4,CR-175,Crane,133,139,11
1480,5,CR-816,Crane,84,158,16
1481,1,GE-902,Generator,143,84,7
1481,2,LO-819,Loader,128,141,17
1481,3,FO-783,Forklift,149,81,5
1481,4,BU-234,Bulldozer,96,113,7
1481,5,EX-453,Excavator,149,131,18
1482,1,FO-517,Forklift,134,84,3
1482,2,EX-606,Excavator,111,83,4
1482,3,FO-721,Forklift,128,99,19
1482,4,BU-147,Bulldozer,84,118,5
1482,5,GE-963,Generator,86,127,18
1483,1,CR-634,Crane,149,95,10
1483,2,GE-238,Generator,86,139,3
1483,3,LO-226,Loader,85,173,0
1483,4,FO-906,Forklift,118,141,18
1483,5,BU-639,Bulldozer,110,124,2
1484,1,GE-172,Generator,88,90,10
1484,2,CR-693,Crane,84,178,9
1484,3,EX-206,Excavator,85,70,10
1484,4,EX-424,Excavator,147,141,9
1484,5,GE-576,Generator,158,74,19
1485,1,GE-116,Generator,95,81,17
1485,2,LO-603,Loader,83,90,9
1485,3,LO-229,Loader,89,109,13
1485,4,BU-318,Bulldozer,84,125,11
1485,5,LO-584,Loader,159,120,15
1486,1,LO-524,Loader,89,98,10
1486,2,BU-800,Bulldozer,92,97,9
1486,3,GE-200,Generator,116,153,13
1486,4,CR-855,Crane,99,82,3
1486,5,CR-202,Crane,82,156,13
1487,1,CR-754,Crane,83,140,19
1487,2,BU-389,Bulldozer,90,142,12
1487,3,BU-336,Bulldozer,90,111,12
1487,4,BU-593,Bulldozer,140,153,6
1487,5,FO-594,Forklift,159,169,3
1488,1,CR-490,Crane,153,120,14
1488,2,CR-432,Crane,117,142,7
1488,3,CR-806,Crane,149,81,14
1488,4,FO-990,Forklift,113,136,4
1488,5,FO-207,Forklift,142,167,4
1489,1,BU-711,Bulldozer,156,154,4
1489,2,GE-101,Generator,139,108,17
1489,3,BU-176,Bulldozer,134,82,17
1489,4,LO-712,Loader,134,85,12
1489,5,LO-736,Loader,124,87,1
1490,1,LO-905,Loader,124,85,5
1490,2,EX-450,Excavator,114,85,11
1490,3,FO-719,Forklift,81,76,13
1490,4,BU-271,Bulldozer,118,88,17
1490,5,CR-998,Crane,148,123,14
1491,1,CR-850,Crane,127,105,2
1491,2,EX-859,Excavator,134,143,7
1491,3,FO-989,Forklift,97,89,5
1491,4,EX-580,Excavator,105,76,18
1491,5,FO-667,Forklift,109,167,10
1492,1,GE-637,Generator,109,126,5
1492,2,FO-824,Forklift,87,157,13
1492,3,CR-893,Crane,113,110,8
1492,4,EX-244,Excavator,85,129,17
1492,5,BU-617,Bulldozer,103,174,19
1493,1,CR-212,Crane,100,87,11
1493,2,GE-830,Generator,80,170,2
1493,3,LO-173,Loader,138,166,9
1493,4,FO-440,Forklift,86,156,9
1493,5,FO-401,Forklift,99,71,14
1494,1,FO-696,Forklift,156,107,8
1494,2,CR-202,Crane,159,154,7
1494,3,FO-591,Forklift,82,113,4
1494,4,LO-329,Loader,96,179,15
1494,5,LO-826,Loader,101,176,2
1495,1,CR-683,Crane,157,143,0
1495,2,GE-573,Generator,130,112,14
1495,3,CR-797,Crane,83,111,15
1495,4,FO-637,Forklift,134,98,17
1495,5,FO-570,Forklift,115,87,8
1496,1,EX-576,Excavator,124,83,7
1496,2,BU-226,Bulldozer,98,130,1
1496,3,BU-604,Bulldozer,104,132,15
1496,4,FO-844,Forklift,125,143,3
1496,5,FO-196,Forklift,111,168,16
1497,1,GE-888,Generator,90,170,15
1497,2,BU-334,Bulldozer,154,170,14
1497,3,CR-946,Crane,91,123,14
1497,4,FO-369,Forklift,123,97,4
1497,5,FO-240,Forklift,112,92,15
1498,1,GE-713,Generator,107,135,18
1498,2,BU-857,Bulldozer,111,100,0
1498,3,CR-683,Crane,109,84,9
1498,4,LO-213,Loader,98,144,13
1498,5,CR-785,Crane,118,163,18
1499,1,FO-145,Forklift,111,153,4
1499,2,CR-814,Crane,156,134,1
1499,3,FO-475,Forklift,101,75,5
1499,4,BU-839,Bulldozer,140,91,9
1499,5,EX-875,Excavator,147,160,1
